,Unnamed: 0.1,Unnamed: 0,repository,topic,open_issues_count,open_issues,pushed_at,updated_at,created_at,fork_count,stargazer_count,description,fork,language
1214,4799,4799,wu-hongjun/Hackintosh-Thinkpad-X1-Extreme,[],7.0,7.0,2020-08-28T20:37:13Z,2022-05-29T15:11:05Z,2018-10-27T23:15:15Z,54.0,282.0,[Hackintosh] Configuration for Lenovo Thinkpad X1 Extreme Gen I.,False,Rich Text Format
1215,4815,4815,open-mmlab/mmdetection,"['cascade-rcnn', 'fast-rcnn', 'faster-rcnn', 'instance-segmentation', 'mask-rcnn', 'object-detection', 'pytorch', 'retinanet', 'rpn', 'ssd']",570.0,570.0,2022-06-03T19:23:16Z,2022-06-04T12:42:32Z,2018-08-22T07:06:06Z,7311.0,19928.0,OpenMMLab Detection Toolbox and Benchmark,False,Python
1216,4822,4822,dwmkerr/sharpshell,[],77.0,77.0,2022-05-02T11:24:36Z,2022-06-04T05:00:23Z,2013-09-13T16:12:14Z,224.0,1178.0,SharpShell makes it easy to create Windows Shell Extensions using the .NET Framework.,False,C#
1217,4833,4833,jakartaee/jakartaone.org,"['hugo', 'webdev']",10.0,10.0,2022-06-01T14:25:14Z,2022-04-13T07:20:45Z,2019-04-23T19:38:58Z,24.0,13.0,JakartaOne Live is a one day virtual conference for developers and technical business leaders that brings insights into the current state and future of Jakarta EE and related technologies focused on developing cloud-native Java applications. ,False,HTML
1218,4839,4839,justeat/httpclient-interception,"['c-sharp', 'dotnet', 'dotnet-core', 'httpclient', 'netstandard']",8.0,8.0,2022-06-01T16:27:45Z,2022-05-31T13:44:54Z,2017-06-25T08:47:16Z,14.0,190.0,A .NET library for intercepting server-side HTTP requests,False,C#
1219,4840,4840,jazzband/geojson,"['geojson', 'python']",23.0,23.0,2022-05-20T14:35:40Z,2022-05-30T15:30:51Z,2011-07-01T20:39:48Z,95.0,721.0,Python bindings and utilities for GeoJSON,False,Python
1220,4841,4841,gesellix/couchdb-prometheus-exporter,"['couchdb', 'exporter', 'hacktoberfest', 'prometheus']",9.0,9.0,2022-06-02T18:42:04Z,2022-05-11T03:18:40Z,2015-05-14T20:11:02Z,20.0,45.0,CouchDB stats exporter for Prometheus,False,Go
1221,4842,4842,compiler-explorer/compiler-explorer,"['assembly', 'c-plus-plus', 'compiler', 'cpp', 'dlang', 'go', 'hacktoberfest', 'haskell', 'ispc', 'rust', 'rust-lang', 'swift']",501.0,501.0,2022-06-03T23:23:04Z,2022-06-03T19:52:45Z,2012-05-23T01:31:17Z,1242.0,10823.0,Run compilers interactively from your web browser and interact with the assembly,False,JavaScript
1222,4843,4843,dpgmediamagazines/django-arctic,"['arctic', 'cms', 'django', 'framework']",28.0,28.0,2022-06-02T10:12:13Z,2022-01-09T14:28:03Z,2016-05-12T13:44:28Z,22.0,69.0,Django Arctic is a framework that simplifies the creation of custom content management systems.,False,Python
1223,4845,4845,containers/podman,[],251.0,251.0,2022-06-04T11:07:32Z,2022-06-04T13:58:23Z,2017-11-01T15:01:27Z,1449.0,14036.0,Podman: A tool for managing OCI containers and pods.,False,Go
1224,4850,4850,ropensci/rentrez,"['r', 'r-package', 'rstats']",32.0,32.0,2021-08-26T17:15:09Z,2022-05-04T00:15:04Z,2012-02-11T23:44:24Z,40.0,167.0,talk with NCBI entrez using R,False,R
1225,4851,4851,bluejekyll/trust-dns,"['dns', 'dns-client', 'dns-server', 'dnssec', 'dynamic-dns', 'rust', 'rust-lang', 'trust-dns']",170.0,170.0,2022-06-03T20:47:50Z,2022-06-03T10:05:25Z,2015-08-08T02:47:12Z,268.0,2338.0,"A Rust based DNS client, server, and resolver",False,Rust
1226,4855,4855,panthernet/ThunderED,[],10.0,10.0,2022-03-23T11:52:12Z,2022-05-03T09:04:49Z,2018-04-26T12:44:02Z,27.0,51.0,Thunder EVE ONLINE CMS,False,C#
1227,4857,4857,getsentry/sentry,"['apm', 'crash-reporting', 'crash-reports', 'csp-report', 'devops', 'django', 'error-logging', 'error-monitoring', 'hacktoberfest', 'monitor', 'monitoring', 'python', 'sentry']",539.0,539.0,2022-06-04T03:07:38Z,2022-06-04T13:04:44Z,2010-08-30T22:06:41Z,3476.0,31021.0,"Sentry is cross-platform application monitoring, with a focus on error reporting.",False,Python
1228,4859,4859,cntt-n/CNTT,"['cloud', 'cntt', 'containers', 'edge-computing', 'infrastructure', 'kubernetes', 'nfv', 'nfv-platform', 'openstack', 'sdn', 'sdn-network']",204.0,204.0,2022-06-04T07:58:18Z,2022-03-28T16:10:20Z,2019-06-18T13:26:21Z,113.0,117.0,CNTT,False,Ruby
1229,4861,4861,KhronosGroup/Vulkan-Docs,[],257.0,257.0,2022-06-02T12:26:44Z,2022-06-03T02:58:08Z,2016-02-11T10:03:55Z,385.0,2200.0,The Vulkan API Specification and related tools,False,JavaScript
1230,4864,4864,jrnl-org/jrnl,"['cli', 'command-line', 'encrypted', 'journal', 'journal-application', 'jrnl', 'note-taking', 'notes', 'productivity', 'python', 'shell']",115.0,115.0,2022-05-29T15:03:05Z,2022-06-03T19:16:44Z,2012-03-29T17:23:58Z,482.0,5398.0,Collect your thoughts and notes without leaving the command line.,False,Python
1231,4865,4865,YarnSpinnerTool/YarnSpinner,"['dialogue-manager', 'game', 'game-development', 'language', 'unity', 'unity-game']",17.0,17.0,2022-05-10T01:42:47Z,2022-06-04T12:59:39Z,2015-10-03T23:16:59Z,172.0,1656.0,Yarn Spinner is a tool for building interactive dialogue in games!,False,C#
1232,4870,4870,EmbarkStudios/cargo-deny,"['advisories', 'bans', 'cargo', 'cargo-subcommand', 'crates', 'licenses', 'rust']",47.0,47.0,2022-05-19T07:00:18Z,2022-06-04T12:41:47Z,2019-05-13T07:50:05Z,41.0,840.0,‚ùå Cargo plugin for linting your dependencies ü¶Ä,False,Rust
1233,4874,4874,Hofknecht/SystemTrayMenu,"['app', 'bookmark', 'browse', 'c-sharp', 'explorer', 'file', 'folder', 'game-launcher', 'keystroke', 'launch', 'manager', 'menu', 'open', 'script', 'start', 'startmenu', 'subfolder', 'systemtray', 'toolbar', 'windows']",9.0,9.0,2022-06-01T19:11:38Z,2022-06-03T06:25:44Z,2019-07-04T09:58:40Z,22.0,298.0,SystemTrayMenu - Browse and open your files easily,False,C#
1234,4879,4879,matthewhudson/current-device,[],54.0,54.0,2022-05-16T03:02:12Z,2022-06-03T15:48:29Z,2012-09-19T18:50:42Z,608.0,3791.0,"The easiest way to write conditional CSS and/or JavaScript based on device operating system (iOS, Android, Blackberry, Windows, Firefox OS, MeeGo), orientation (Portrait vs. Landscape), and type (Tablet vs. Mobile).",False,JavaScript
1235,4896,4896,webcreate/infinite-ajax-scroll,"['ajax', 'infinite', 'infinite-scroll', 'javascript', 'javascript-es6', 'javascript-library', 'javascript-plugin', 'scroll']",7.0,7.0,2022-06-03T06:51:43Z,2022-06-04T03:23:46Z,2011-06-02T22:01:41Z,357.0,860.0,Turn your existing pagination into infinite scrolling pages with ease,False,JavaScript
1236,4916,4916,ComputationalCryoEM/ASPIRE-Python,[],115.0,115.0,2022-06-03T15:49:44Z,2022-06-02T14:45:42Z,2019-06-04T17:01:52Z,13.0,22.0,Algorithms for Single Particle Reconstruction,False,Python
1237,4928,4928,AElfProject/aelf-sdk.js,[],16.0,16.0,2022-02-12T09:31:17Z,2022-02-09T09:58:30Z,2018-07-20T06:42:46Z,15.0,9.0,AElf Javascript SDK,False,JavaScript
1238,4929,4929,scala-ts/scala-ts,"['sbt', 'scala', 'typescript']",3.0,3.0,2022-06-02T23:22:55Z,2022-05-28T14:36:12Z,2016-06-12T21:12:18Z,28.0,186.0,:wrench: Scala to TypeScript code generator,False,Scala
1239,4939,4939,dsafa/audio-band,"['audio-applications', 'deskband', 'taskbar']",82.0,82.0,2022-01-10T06:46:20Z,2022-05-31T07:46:05Z,2018-03-15T04:59:48Z,50.0,628.0,Display and control songs from the Windows taskbar,False,C#
1240,4947,4947,blocknomic-technologies/open-trading-platform-UI,"['binance', 'bitcoin', 'bitfinex', 'bitmex', 'cryptocurrency', 'margin-trading', 'trading', 'trading-api', 'trading-platform', 'trading-systems']",1.0,1.0,2020-08-12T07:47:32Z,2022-05-23T19:57:25Z,2019-06-14T09:54:13Z,31.0,55.0,The Open Trading Platform UI is a front-end module for trading across 5 crypto currency exchanges allowing both spot and margin trading. The UI needs to be used with the API repo.,False,CSS
1241,4948,4948,MriLiuJY/monitorFE,"['monitor', 'monitor-js', 'monitoring-plugins', 'monitoring-scripts', 'monitoring-tool']",18.0,18.0,2022-02-12T02:19:11Z,2022-05-29T02:29:47Z,2019-06-18T10:57:45Z,52.0,221.0,üçâÂâçÁ´ØÂüãÁÇπÁõëÊéßÔºåÊèê‰æõÂâçÁ´Ø JS ÊâßË°åÈîôËØØÔºåÁ¨¨‰∏âÊñπËµÑÊ∫êÂä†ËΩΩÂºÇÂ∏∏ÔºåAjax ËØ∑Ê±ÇÈîôËØØÁõëÊéß,False,JavaScript
1242,4954,4954,blocknomic-technologies/open-trading-platform-API,"['binance', 'bitcoin', 'bitfinex', 'cryptocurrency', 'ethereum', 'trading', 'trading-api', 'trading-platform', 'trading-systems']",0.0,0.0,2020-03-29T15:48:19Z,2022-04-13T07:52:15Z,2019-06-14T09:55:36Z,13.0,17.0,The Open Trading Platform API is an independent module for managing API requests from the UI module,False,JavaScript
1243,4960,4960,MaayanLab/clustergrammer-widget,"['clustering', 'jupyter-notebook', 'jupyter-widget', 'pandas-dataframe', 'python', 'visualization']",11.0,11.0,2021-05-06T17:26:26Z,2022-03-15T04:13:56Z,2016-09-20T20:08:36Z,24.0,42.0,The Clustergrammer interactive Jupyter notebook widget,False,Jupyter Notebook
1244,4963,4963,MaayanLab/clustergrammer,"['biology', 'clustering', 'd3', 'heatmap', 'jupyter-notebook', 'jupyter-widget', 'python', 'visualization']",25.0,25.0,2021-05-12T00:31:26Z,2022-04-29T12:46:50Z,2015-07-30T15:07:25Z,81.0,205.0,An interactive heatmap visualization built using D3.js,False,JavaScript
1245,4964,4964,ismms-himc/clustergrammer2,"['binder', 'binder-ready', 'biology', 'hacktoberfest', 'heatmap', 'javascript', 'jupyter-widgets', 'python', 'regl', 'visualization', 'webgl']",46.0,46.0,2022-04-28T18:21:42Z,2022-04-15T21:29:56Z,2018-04-10T17:11:47Z,19.0,100.0,"""Dimensionality-increasing"" data visualization tool and interactive WebGL Jupyter widget built for single-cell data.",False,HTML
1246,4969,4969,zhihuili/flower,"['akka', 'flower', 'java-8', 'microservice', 'reactive-programming']",8.0,8.0,2022-04-13T01:33:05Z,2022-06-02T05:47:15Z,2018-12-21T01:11:25Z,163.0,498.0,ÂèçÂ∫îÂºèÂæÆÊúçÂä°Ê°ÜÊû∂Flower,False,Java
1247,4978,4978,josegonzalez/php-dotenv,[],4.0,4.0,2019-07-07T21:22:54Z,2022-05-06T18:07:44Z,2013-12-30T03:02:17Z,37.0,272.0,dotenv file loader for PHP,False,PHP
1248,4986,4986,JasonShin/fp-core.rs,"['applicative', 'category-theory', 'comonad', 'functional-programming', 'functor', 'hkt', 'homomorphism', 'lambda-calculus', 'monad', 'monoid', 'morphism', 'rust']",28.0,28.0,2020-08-31T12:00:57Z,2022-06-04T08:07:11Z,2019-05-29T21:06:32Z,50.0,1003.0,A library for functional programming in Rust,False,Rust
1249,4999,4999,abs-tudelft/fletcher,"['accelerators', 'apache-arrow', 'arrow', 'fletcher', 'fpga']",13.0,13.0,2022-03-21T08:33:38Z,2022-05-24T03:17:55Z,2018-02-09T19:51:26Z,25.0,178.0,Fletcher: A framework to integrate FPGA accelerators with Apache Arrow,False,VHDL
1250,5001,5001,ithaka/apiron,"['api-client', 'jstor-frontend', 'microservices', 'python', 'requests', 'rest-client']",1.0,1.0,2022-03-07T15:38:32Z,2022-03-10T05:28:33Z,2018-10-01T16:38:49Z,13.0,103.0,:fried_egg: apiron is a Python package that helps you cook a tasty client for RESTful APIs. Just don't wash it with SOAP.,False,Python
1251,5002,5002,Axelrod-Python/Axelrod,"['computer-science', 'evolutionary-game-theory', 'game-theory', 'mathematics', 'prisoners-dilemma', 'python', 'reproducible-research']",50.0,50.0,2022-05-20T15:33:19Z,2022-06-02T23:40:42Z,2015-02-18T09:37:17Z,234.0,571.0,A research tool for the Iterated Prisoner's Dilemma,False,Python
1252,5007,5007,constellation-app/constellation,"['graph', 'graph-analysis', 'interactive', 'opengl', 'visualisation']",180.0,180.0,2022-06-03T09:11:10Z,2022-06-02T04:57:38Z,2019-07-12T04:19:50Z,51.0,340.0,A graph-focused data visualisation and interactive analysis application.,False,Java
1253,5012,5012,rapid7/metasploit-framework,['hacktoberfest'],526.0,526.0,2022-06-03T22:29:54Z,2022-06-04T11:39:01Z,2011-08-30T06:13:20Z,12285.0,27409.0,Metasploit Framework,False,Ruby
1254,5013,5013,raysan5/raylib,"['android', 'c', 'embedded', 'game-development', 'game-engine', 'gamedev', 'graphics', 'iot', 'linux', 'opengl', 'programming', 'raspberry-pi', 'raylib', 'videogames', 'wasm', 'webassembly']",8.0,8.0,2022-06-02T17:22:46Z,2022-06-04T00:31:12Z,2013-10-24T15:46:04Z,1170.0,9745.0,A simple and easy-to-use library to enjoy videogames programming,False,C
1255,5017,5017,poshsecurity/Posh-SYSLOG,"['powershell', 'powershell-gallery', 'security', 'syslog', 'syslog-messages']",4.0,4.0,2021-03-19T06:21:44Z,2022-05-31T13:49:49Z,2013-10-30T02:24:46Z,17.0,78.0,Send SYSLOG messages from PowerShell,False,PowerShell
1256,5020,5020,almin/almin,"['cqrs', 'ddd', 'flux', 'framework', 'javascript', 'library', 'state']",25.0,25.0,2021-08-04T03:50:23Z,2022-05-03T23:04:40Z,2016-04-21T05:18:12Z,40.0,496.0,Client-side DDD/CQRS for JavaScript.,False,TypeScript
1257,5021,5021,ta4j/ta4j,"['bitcoin', 'ethereum', 'forex', 'java', 'java-library', 'litecoin', 'ripple', 'stocks', 'ta4j', 'tachnical-analysis', 'technical-analysis', 'trading', 'trading-algorithms', 'trading-strategies']",38.0,38.0,2022-04-11T19:04:55Z,2022-05-31T19:45:24Z,2017-09-14T17:14:32Z,554.0,1510.0,A Java library for technical analysis.,False,Java
1258,5024,5024,ropensci/c14bazAAR,"['archaeology', 'r', 'radiocarbon-dates']",12.0,12.0,2022-02-02T10:17:40Z,2022-04-29T14:50:02Z,2017-07-28T12:22:38Z,12.0,30.0,R Package - Download and Prepare C14 Dates from Different Source Databases,False,R
1259,5026,5026,coderplex-org/coderplex,"['enzyme', 'jest', 'nextjs', 'preact', 'prettier', 'react-emotion', 'reactjs', 'xo']",28.0,28.0,2021-03-02T03:42:11Z,2021-12-06T07:22:06Z,2017-08-02T15:48:29Z,47.0,41.0,(Old) Frontend for coderplex.org,False,JavaScript
1260,5027,5027,uber/baseweb,"['component-library', 'design-systems', 'react', 'react-components']",123.0,123.0,2022-06-04T00:29:39Z,2022-06-04T14:49:54Z,2018-03-09T01:32:10Z,726.0,7722.0,A React Component library implementing the Base design language,False,JavaScript
1261,5028,5028,carbon-app/carbon,"['beautiful', 'carbon', 'education', 'github-gist', 'javascript', 'presentation', 'sharing', 'snippets', 'tweet']",20.0,20.0,2022-06-03T23:24:40Z,2022-06-04T11:38:59Z,2017-06-16T02:50:28Z,1719.0,30419.0,:black_heart: Create and share beautiful images of your source code,False,JavaScript
1262,5031,5031,camelot-dev/camelot,[],168.0,168.0,2022-06-03T19:21:33Z,2022-06-04T12:27:16Z,2019-07-01T13:39:33Z,296.0,1566.0,A Python library to extract tabular data from PDFs,False,Python
1263,5032,5032,fjorgemota/jimple,"['dependency-injection', 'inversion-of-control', 'nodejs', 'pimple']",20.0,20.0,2020-05-29T20:29:41Z,2022-04-02T23:52:40Z,2015-09-19T02:55:30Z,10.0,72.0,Just a dependency injection container to NodeJS and to the browser using new ES6 features,False,JavaScript
1264,5033,5033,codeplaysoftware/visioncpp,['sycl'],1.0,1.0,2022-04-26T09:46:46Z,2022-04-20T11:17:34Z,2016-09-05T13:23:40Z,54.0,144.0,A machine vision library written in SYCL and C++ that shows performance-portable implementation of graph algorithms,False,C++
1265,5034,5034,mercedes-benz/foss,['mercedes-benz'],1.0,1.0,2022-05-11T05:46:37Z,2022-06-03T09:09:16Z,2019-04-12T07:29:52Z,11.0,40.0,"A collection of information on Mercedes-Benz Open Source Stuff - Code of Conduct, Mercedes-Benz CLA, and more. ",False,
1266,5041,5041,openclassify/openclassify,"['classified', 'classified-ads', 'classified-script', 'classified-software', 'classified-web-app', 'classifieds', 'laravel', 'laravel-classified', 'php', 'php7', 'pyrocms']",13.0,13.0,2022-06-03T07:21:31Z,2022-06-03T10:01:30Z,2019-06-21T08:33:41Z,56.0,169.0,OpenClassify is modular and most advanced open source classifieds & marketplace software platform build with Laravel 8 & PHP 7.3+ Supported,False,PHP
1267,5045,5045,GMOD/jbrowse,"['bioinformatics', 'biology', 'genome-annotation', 'genome-browser', 'genomics', 'protein-annotation']",163.0,163.0,2022-02-03T15:26:16Z,2022-05-22T15:01:12Z,2009-01-16T11:30:52Z,200.0,425.0,Full-featured and stable genome browser built with JavaScript and HTML5.,False,JavaScript
1268,5046,5046,aws/aws-cdk,"['aws', 'cloud-infrastructure', 'infrastructure-as-code', 'typescript']",2366.0,2366.0,2022-06-04T03:12:18Z,2022-06-04T05:42:00Z,2017-10-04T19:22:36Z,2478.0,8748.0,The AWS Cloud Development Kit is a framework for defining cloud infrastructure in code,False,TypeScript
1269,5047,5047,pymzml/pymzML,"['bioinformatics', 'mass-spectrometry', 'mzml-files', 'mzml-interface']",9.0,9.0,2022-06-02T20:13:31Z,2022-05-23T21:48:47Z,2012-01-11T07:45:43Z,79.0,122.0,pymzML - an interface between Python and mzML Mass spectrometry Files,False,Python
1270,5051,5051,codeplaysoftware/sycl-blas,[],12.0,12.0,2022-05-19T10:02:03Z,2022-06-03T07:18:41Z,2016-09-05T13:24:34Z,32.0,133.0,An implementation of BLAS using the SYCL open standard for acceleration on OpenCL devices,False,C++
1271,5052,5052,square/workflow,"['android', 'ios', 'kotlin', 'reactive', 'state-machine', 'swift', 'ui', 'workflow']",9.0,9.0,2022-06-01T16:14:03Z,2022-05-31T09:13:22Z,2018-11-16T02:16:30Z,70.0,1003.0,"A Swift and Kotlin library for making composable state machines, and UIs driven by those state machines.",False,Shell
1272,5053,5053,cBioPortal/cbioportal,"['cancer-genomics', 'precision-medicine', 'science', 'visualization']",276.0,276.0,2022-06-01T22:48:21Z,2022-05-31T17:34:04Z,2015-03-18T20:09:09Z,328.0,417.0,cBioPortal for Cancer Genomics,False,Java
1273,5054,5054,FairwindsOps/terraform-vpc,"['aws-vpc', 'fairwinds-official', 'terraform']",1.0,1.0,2022-04-26T19:31:25Z,2022-05-13T20:10:38Z,2015-10-22T22:14:59Z,64.0,54.0,Terraform module to create an AWS VPC,False,HCL
1274,5064,5064,aws/jsii,"['aws', 'cross-language', 'node', 'typescript']",240.0,240.0,2022-06-04T03:13:06Z,2022-06-03T19:25:55Z,2017-10-04T18:23:37Z,162.0,1966.0,jsii allows code in any language to naturally interact with JavaScript classes. It is the technology that enables the AWS Cloud Development Kit to deliver polyglot libraries from a single codebase!,False,TypeScript
1275,5074,5074,k911/swoole-bundle,"['async', 'hacktoberfest', 'http-server', 'php', 'swoole', 'symfony-bundle']",28.0,28.0,2022-01-14T22:51:08Z,2022-05-21T11:33:16Z,2018-09-26T17:01:58Z,35.0,253.0,Symfony Swoole Bundle,False,PHP
1276,5081,5081,GMOD/Apollo,"['apollo', 'genome-annotation-editor', 'grails', 'groovy', 'gwt', 'jbrowse', 'jbrowse-plugin']",237.0,237.0,2022-05-10T23:18:47Z,2022-05-06T03:54:11Z,2013-10-10T13:05:28Z,81.0,103.0,Genome annotation editor with a Java Server backend and a Javascript client that runs in a web browser as a JBrowse plugin.,False,Groovy
1277,5082,5082,dpilger26/NumCpp,"['algorithms', 'c-plus-plus', 'cpp', 'data-structures', 'mathematical-functions', 'numerical-analysis', 'numpy', 'python', 'scientific-computing']",14.0,14.0,2022-05-14T04:56:34Z,2022-06-04T11:26:25Z,2018-02-07T06:14:23Z,358.0,2335.0,C++ implementation of the Python Numpy library,False,C++
1278,5084,5084,CVEProject/cve-services,[],112.0,112.0,2022-06-03T19:15:23Z,2022-05-29T16:09:38Z,2019-03-27T17:51:11Z,55.0,75.0,This repo contains the source for the CVE Services API.,False,JavaScript
1279,5091,5091,FairwindsOps/rbac-manager,"['authorization', 'cluster', 'crd', 'fairwinds-official', 'hacktoberfest', 'kubernetes', 'rbac']",14.0,14.0,2022-05-31T17:30:59Z,2022-06-02T15:08:05Z,2018-03-13T13:58:21Z,95.0,1066.0,A Kubernetes operator that simplifies the management of Role Bindings and Service Accounts.,False,Go
1280,5092,5092,FairwindsOps/rbac-lookup,"['authorization', 'fairwinds-official', 'hacktoberfest', 'kubernetes', 'rbac']",3.0,3.0,2022-06-03T14:25:14Z,2022-06-03T12:42:46Z,2018-08-02T02:48:11Z,37.0,627.0,"Easily find roles and cluster roles attached to any user, service account, or group name in your Kubernetes cluster",False,Go
1281,5097,5097,aidenlab/Juicebox,[],222.0,222.0,2022-05-20T16:03:54Z,2022-05-23T02:50:18Z,2014-11-03T14:27:54Z,48.0,161.0,Visualization and analysis software for Hi-C data - ,False,Java
1282,5110,5110,bijington/expressive,"['cross-platform', 'evaluation', 'evaluation-framework', 'expression-evaluator', 'expression-parser', 'hacktoberfest', 'netstandard', 'parsing', 'xamarin']",15.0,15.0,2022-06-01T18:24:46Z,2022-06-01T13:44:28Z,2016-06-13T14:03:09Z,18.0,134.0,Expressive is a cross-platform expression parsing and evaluation framework. The cross-platform nature is achieved through compiling for .NET Standard so it will run on practically any platform.,False,C#
1283,5118,5118,BanditTech/WingmanReloaded,[],7.0,7.0,2022-06-01T05:26:40Z,2022-05-31T06:00:17Z,2019-07-12T08:50:02Z,47.0,120.0,"Bring a Wingman exile, you're going to need it!",False,AutoHotkey
1284,5121,5121,bugcrowd/vulnerability-rating-taxonomy,"['bugcrowd', 'rating', 'taxonomy', 'vrt', 'vulnerabilities']",8.0,8.0,2021-09-24T11:27:05Z,2022-05-23T13:01:53Z,2017-04-13T20:25:47Z,63.0,299.0,Bugcrowd‚Äôs baseline priority ratings for common security vulnerabilities,False,Python
1285,5123,5123,hpparvi/PyTransit,"['astronomy', 'astrophysics', 'exoplanets', 'light-curve-models', 'python', 'transit-model', 'transiting-exoplanets']",15.0,15.0,2022-05-09T08:58:54Z,2022-05-19T07:01:29Z,2012-11-24T11:08:39Z,19.0,76.0,Fast and easy exoplanet transit light curve modelling.,False,Jupyter Notebook
1286,5124,5124,tillson/git-hound,"['bug-bounty', 'osint', 'recon', 'reconnaissance', 'secrets', 'secrets-detection', 'security', 'security-tools']",9.0,9.0,2022-05-27T13:01:40Z,2022-06-03T22:54:32Z,2019-07-16T05:57:44Z,140.0,841.0,"Reconnaissance tool for GitHub code search. Finds exposed API keys using pattern matching, commit history searching, and a unique result scoring system.",False,Go
1287,5127,5127,CoralineAda/lftm,[],0.0,0.0,2022-04-29T21:32:10Z,2022-06-02T13:08:26Z,2018-04-23T17:57:12Z,38.0,240.0,A low-friction task management system.,False,
1288,5130,5130,oxen-io/lokinet,"['decentralized', 'decentralized-internet', 'dht', 'ipv4-network', 'ipv4-support', 'lokinet', 'onion-routing', 'overlay-network', 'vpn']",113.0,113.0,2022-06-03T23:20:19Z,2022-06-04T10:21:35Z,2018-06-18T08:39:19Z,134.0,949.0,"Lokinet is an anonymous, decentralized and IP based overlay network for the internet.",False,C++
1289,5133,5133,iaincollins/structured-data-testing-tool,"['json-ld', 'schema-org', 'structured-data']",24.0,24.0,2022-05-04T10:16:06Z,2022-05-19T21:15:51Z,2019-07-16T02:25:43Z,12.0,50.0,A library and command line tool to help inspect and test for Structured Data.,False,JavaScript
1290,5134,5134,pivotal/postfacto,"['agile', 'cloud-foundry', 'feedback', 'javascript', 'pcf', 'rails', 'react', 'retro', 'retrospective', 'ruby', 'websockets']",81.0,81.0,2022-06-01T14:28:58Z,2022-05-20T17:44:12Z,2017-08-02T16:33:00Z,119.0,295.0,Self-hosted retro tool aimed at helping remote teams,False,JavaScript
1291,5136,5136,bids-standard/bids-specification,"['bids', 'data-standards', 'neuroimaging', 'standards']",186.0,186.0,2022-06-02T19:49:54Z,2022-05-27T07:55:49Z,2018-09-26T17:35:34Z,117.0,172.0,Brain Imaging Data Structure (BIDS) Specification,False,Python
1292,5139,5139,jazzband/dj-database-url,[],16.0,16.0,2022-06-01T14:44:21Z,2022-06-03T09:23:09Z,2012-04-30T17:20:23Z,186.0,1255.0,Use Database URLs in your Django Application.,False,Python
1293,5145,5145,dotnet/csharplang,"['csharp', 'language-design']",449.0,449.0,2022-06-03T15:16:04Z,2022-06-04T12:50:47Z,2016-12-09T01:45:27Z,920.0,8833.0,The official repo for the design of the C# programming language,False,C#
1294,5146,5146,AcademySoftwareFoundation/OpenTimelineIO,"['animation', 'cut', 'editorial', 'film', 'interchange-format', 'otio', 'python', 'timeline', 'vfx']",190.0,190.0,2022-06-04T13:31:37Z,2022-06-04T14:22:04Z,2016-08-23T21:22:18Z,208.0,1056.0,Open Source API and interchange format for editorial timeline information.,False,Python
1295,5148,5148,saucelabs/sauce_bindings,['hacktoberfest'],76.0,76.0,2022-04-18T23:59:16Z,2022-03-30T12:27:56Z,2019-07-25T15:32:56Z,13.0,21.0,Making test automation with Sauce Labs insanely simple,False,Java
1296,5151,5151,reactiveui/splat,"['cross-platform', 'hacktoberfest', 'ioc', 'logging', 'nlog', 'splat-locators']",12.0,12.0,2022-06-01T09:10:58Z,2022-05-29T14:43:15Z,2013-06-30T18:47:46Z,149.0,851.0,Makes things cross-platform,False,C#
1297,5158,5158,nodejs/outreach,"['community-committee', 'node', 'nodejs']",30.0,30.0,2021-04-03T14:09:08Z,2022-05-23T20:07:41Z,2018-05-31T13:07:13Z,11.0,16.0,A Node.js community growth and support initiative,False,
1298,5161,5161,opendatacube/datacube-core,"['gdal', 'gis', 'hacktoberfest', 'netcdf', 'numpy', 'python', 'raster', 'remote-sensing', 'scientific-computing']",44.0,44.0,2022-06-02T03:40:58Z,2022-05-22T01:23:41Z,2015-05-13T05:58:13Z,154.0,381.0,Open Data Cube analyses continental scale Earth Observation data through time,False,Python
1299,5163,5163,OpenRefine/OpenRefine,"['data-analysis', 'data-science', 'data-wrangling', 'datacleaning', 'datacleansing', 'datajournalism', 'datamining', 'java', 'journalism', 'opendata', 'reconciliation', 'wikidata']",663.0,663.0,2022-06-03T18:09:07Z,2022-06-04T12:45:29Z,2012-10-15T02:22:48Z,1685.0,8850.0,"OpenRefine is a free, open source power tool for working with messy data and improving it",False,Java
1300,5166,5166,mapbox/tilesets-cli,[],37.0,37.0,2022-05-17T18:39:46Z,2022-04-18T06:18:01Z,2019-07-24T02:52:23Z,22.0,85.0,CLI for interacting with the Mapbox Tilesets API,False,Python
1301,5168,5168,hakyimlab/MetaXcan,[],26.0,26.0,2022-02-14T23:55:30Z,2022-05-17T02:59:22Z,2016-02-10T18:04:32Z,69.0,85.0,MetaXcan software and manuscript,False,Python
1302,5182,5182,bbrzycki/setigen,"['artificial-signals', 'frequency', 'radio', 'seti', 'signal-processing']",7.0,7.0,2022-04-04T06:54:30Z,2022-04-07T21:28:11Z,2018-06-27T22:53:29Z,10.0,18.0,Python library for generating and injecting artificial narrow-band signals into radio frequency data,False,Jupyter Notebook
1303,5192,5192,cluzier/treehouse-bot,[],8.0,8.0,2020-12-30T19:32:13Z,2022-04-11T11:34:25Z,2019-07-03T02:13:16Z,34.0,29.0,Discord.js Moderation Bot,False,JavaScript
1304,5197,5197,hakyim/PrediXcan,[],6.0,6.0,2021-08-27T22:08:40Z,2021-09-08T19:12:10Z,2014-08-22T21:06:48Z,74.0,27.0,Code for the in-dev PrediXcan Project,False,Python
1305,5201,5201,webcodesk/webcodesk-app,[],9.0,9.0,2020-02-29T08:55:08Z,2021-12-01T00:00:42Z,2019-04-24T10:50:30Z,14.0,61.0,Webcodesk - a rapid development tool for React Applications [DEPRECATED],False,JavaScript
1306,5210,5210,DSSORG/DSS,"['comments', 'css', 'detector', 'dss', 'javascript', 'parser', 'static-analysis', 'styling']",11.0,11.0,2022-02-07T12:15:01Z,2021-12-07T11:43:13Z,2012-08-23T20:50:17Z,41.0,376.0,:page_facing_up: Documented Style Sheets Parser,False,JavaScript
1307,5228,5228,darcyclarke/Repo.js,"['github', 'javascript', 'repo', 'repository']",16.0,16.0,2022-05-26T22:04:36Z,2022-05-16T14:33:11Z,2012-06-24T23:03:30Z,92.0,889.0,:page_facing_up: A plugin to embed Github repos on your site,False,
1308,5247,5247,koxudaxi/datamodel-code-generator,"['code-generator', 'csv', 'datamodel', 'fastapi', 'generator', 'json-schema', 'openapi', 'openapi-codegen', 'pydantic', 'python', 'swagger', 'swagger-codegen', 'yaml']",74.0,74.0,2022-06-03T05:05:50Z,2022-06-04T07:05:25Z,2019-05-29T08:01:32Z,104.0,1020.0,"Pydantic model generator for easy conversion of JSON, OpenAPI, JSON Schema, and YAML data sources.",False,Python
1309,5253,5253,ACCLAB/DABEST-Matlab,[],1.0,1.0,2020-09-10T14:07:23Z,2022-05-08T04:15:49Z,2017-11-24T10:32:51Z,20.0,31.0,MATLAB package to generate contrast plots,False,MATLAB
1310,5256,5256,dusktreader/flask-praetorian,[],6.0,6.0,2022-01-17T19:31:43Z,2022-05-27T07:09:12Z,2016-11-23T16:47:18Z,61.0,312.0,"Strong, Simple, and Precise security for Flask APIs (using jwt)",False,Python
1311,5257,5257,geoext/geoext,"['extjs', 'geoext', 'gis', 'hacktoberfest', 'openlayers', 'webmapping']",32.0,32.0,2021-09-15T07:11:25Z,2022-06-02T10:38:03Z,2015-04-15T18:41:13Z,68.0,126.0,A JavaScript framework that combines the GIS functionality of OpenLayers with all features of the ExtJS library,False,JavaScript
1312,5264,5264,Shopify/shopify-cli,[],125.0,125.0,2022-06-03T18:30:02Z,2022-06-03T09:01:10Z,2018-12-11T21:59:47Z,167.0,905.0,Shopify CLI helps you build against the Shopify platform faster.,False,Ruby
1313,5267,5267,withspectrum/code-of-conduct,"['code-of-conduct', 'spectrum']",2.0,2.0,2017-08-09T01:54:05Z,2021-09-28T07:52:07Z,2017-03-08T12:44:13Z,23.0,58.0,The Code of Conduct for all communities on Spectrum,False,
1314,5269,5269,hovancik/stretchly,"['breaks', 'bsd', 'electron', 'linux', 'longer-breaks', 'macos', 'reminder', 'windows']",86.0,86.0,2022-05-27T15:10:52Z,2022-06-03T10:46:06Z,2016-07-10T19:01:00Z,381.0,3284.0,The break time reminder app,False,JavaScript
1315,5270,5270,xtermjs/xterm.js,"['console', 'development', 'javascript', 'pty', 'ssh', 'terminal', 'terminal-emulators', 'tty', 'typescript', 'vt100', 'webgl', 'xterm']",174.0,174.0,2022-06-04T03:58:07Z,2022-06-04T13:05:59Z,2014-03-24T16:04:04Z,1285.0,13025.0,A terminal for the web,False,TypeScript
1316,5272,5272,salesagility/SuiteDocs,[],45.0,45.0,2022-05-24T12:53:53Z,2022-01-28T09:03:53Z,2017-11-29T08:57:08Z,226.0,45.0,SuiteCRM - Open source CRM for the world,False,CSS
1317,5274,5274,serilog/serilog,['serilog'],29.0,29.0,2022-05-11T21:15:51Z,2022-06-04T14:50:58Z,2013-02-14T11:44:03Z,694.0,5457.0,Simple .NET logging with fully-structured events,False,C#
1318,5275,5275,mozilla-frontend-infra/firefox-health-dashboard,"['chartjs', 'javascript', 'material-ui', 'mozilla', 'mozilla-firefox', 'react-router', 'reactjs']",0.0,0.0,2021-04-19T13:08:39Z,2022-01-17T21:57:26Z,2016-05-04T23:04:35Z,73.0,26.0,,False,JavaScript
1319,5279,5279,spacetelescope/jwql,"['astropy', 'bokeh', 'conda', 'css', 'django', 'html', 'javascript', 'jenkins', 'jupyter-notebook', 'numpy', 'postgresql', 'pytest', 'python', 'sphinx', 'sqlachemy']",86.0,86.0,2022-06-03T16:41:32Z,2022-06-03T08:24:17Z,2017-11-06T17:31:59Z,34.0,44.0,The James Webb Space Telescope Quicklook Application,False,Python
1320,5282,5282,mono/mono,"['android', 'csharp', 'dotnet', 'garbage-collector', 'ios', 'jit', 'runtime', 'xamarin']",2168.0,2168.0,2022-05-27T09:25:11Z,2022-06-04T02:57:06Z,2010-07-22T18:06:36Z,3686.0,9868.0,"Mono open source ECMA CLI, C# and .NET implementation.",False,C#
1321,5283,5283,code-device/x-build,"['pinia', 'typescript', 'vite', 'vue3']",1.0,1.0,2022-06-04T02:45:45Z,2022-06-01T11:21:48Z,2017-02-13T03:54:56Z,118.0,693.0,A front-end scaffolding built on Vite2 + Vue3 + TypeScript.,False,TypeScript
1322,5286,5286,geoserver/geoserver,"['geoserver', 'java', 'mapping', 'maps', 'wcs', 'web', 'web-mapping', 'wfs', 'wms', 'wps']",21.0,21.0,2022-06-03T15:07:16Z,2022-06-03T21:20:28Z,2011-11-10T19:56:06Z,1875.0,2738.0,Official GeoServer repository,False,Java
1323,5288,5288,JanThorbecke/OpenSource,"['finite-difference', 'geophysics', 'marchenko', 'modeling', 'wave-equation']",1.0,1.0,2022-04-15T05:27:49Z,2022-05-31T12:44:36Z,2014-08-18T06:21:16Z,51.0,80.0,"Code for geophysical 3D/2D Finite Difference modelling, Marchenko algorithms, 2D/3D x-w migration and utilities. ",False,C
1324,5291,5291,apache/shardingsphere,"['bigdata', 'database', 'database-cluster', 'database-plus', 'dba', 'distributed-database', 'distributed-sql-database', 'distributed-transactions', 'encrypt', 'mysql', 'oltp', 'postgresql', 'rdbms', 'shard', 'sql']",542.0,542.0,2022-06-04T14:57:24Z,2022-06-04T10:16:34Z,2016-01-18T12:49:26Z,5649.0,16031.0,"Ecosystem to transform any database into a distributed database system, and enhance it with sharding, elastic scaling, encryption features & more",False,Java
1325,5295,5295,glushchenko/fsnotes,"['ios', 'macos', 'note-taking', 'notebook', 'notes-app', 'swift']",217.0,217.0,2022-05-28T17:51:41Z,2022-06-03T12:50:56Z,2017-07-20T17:16:35Z,361.0,4965.0,Notes manager for macOS/iOS,False,Swift
1326,5299,5299,nushell/nushell,"['rust', 'shell']",346.0,346.0,2022-06-04T06:48:01Z,2022-06-04T14:39:59Z,2019-05-10T16:59:42Z,935.0,19439.0,A new type of shell,False,Rust
1327,5302,5302,AllenCellModeling/aicsimageio,"['bio-formats', 'dask', 'image-metadata', 'imageio', 'microscopy', 'python', 'scientific-computing', 'scientific-formats', 'xarray']",43.0,43.0,2022-06-03T23:17:04Z,2022-06-04T12:00:26Z,2019-06-27T16:43:22Z,29.0,114.0,"Image Reading, Metadata Conversion, and Image Writing for Microscopy Images in Python",False,Python
1328,5308,5308,dotpot/InAppPy,"['appstore', 'asyncio', 'googleplay', 'in-app-purchase', 'library', 'purchase', 'python', 'python3', 'validation']",9.0,9.0,2022-03-04T09:11:45Z,2022-05-30T06:06:12Z,2017-02-06T11:09:13Z,44.0,160.0,Python In-app purchase validator for Apple AppStore and GooglePlay.,False,Python
1329,5310,5310,ComputerScienceHouse/Constitution,"['constitution', 'csh', 'tex']",12.0,12.0,2022-04-21T00:04:58Z,2022-03-25T21:03:40Z,2011-10-20T03:12:28Z,78.0,48.0,Computer Science House's Constitution,False,TeX
1330,5311,5311,vuejs-jp/home,"['nuxt', 'vue']",6.0,6.0,2022-03-26T03:10:27Z,2022-05-03T12:57:13Z,2015-05-15T22:23:10Z,14.0,218.0,Vue.js Êó•Êú¨„É¶„Éº„Ç∂„Éº„Ç∞„É´„Éº„Éó,False,Vue
1331,5313,5313,uw-biorobotics/raven2,"['raven', 'robotics']",0.0,0.0,2022-05-24T20:47:55Z,2022-05-24T20:47:58Z,2014-01-27T20:16:26Z,34.0,40.0,Raven II Surgical Robot,False,C++
1332,5333,5333,facebookresearch/moe,[],1.0,1.0,2019-08-06T12:42:31Z,2022-05-30T18:03:00Z,2019-07-31T23:30:12Z,23.0,201.0,Misspelling Oblivious Word Embeddings,False,
1333,5340,5340,RevoLand/Steam-Library-Manager,"['csharp', 'origin', 'origin-games', 'steam', 'steam-games', 'uplay', 'uplay-games', 'wpf']",9.0,9.0,2021-01-01T19:50:58Z,2022-06-03T13:33:04Z,2015-03-30T13:19:01Z,53.0,456.0,"Open source utility to manage Steam, Origin and Uplay libraries in ease of use with multi library support",False,C#
1334,5343,5343,Piyushhbhutoria/whatsappWebAPI,"['api', 'automation', 'bulk-messages', 'bulk-text', 'golang', 'rest-api', 'whatsapp', 'whatsapp-api', 'whatsapp-bot', 'whatsapp-sender', 'whatsapp-web', 'whatsapp-web-hack']",1.0,1.0,2022-02-28T08:41:44Z,2022-04-02T17:23:00Z,2019-08-04T10:58:00Z,14.0,26.0,API for sending bulk text/image to know/unknown numbers,False,Go
1335,5345,5345,sfast/zeronode,"['distributed-actors', 'distributed-systems', 'loadbalancing', 'microservice', 'microservices', 'microservices-architecture', 'networking', 'pattern-matching', 'request-reply', 'scalable']",20.0,20.0,2022-02-11T12:08:16Z,2021-12-09T12:57:30Z,2017-07-02T09:06:05Z,11.0,119.0,Zeronode - minimal building block for NodeJS microservices,False,JavaScript
1336,5354,5354,thamaraiselvam/Numbers-Flutter-Game,"['flutter', 'flutter-apps', 'flutter-demo', 'flutter-framework', 'game']",7.0,7.0,2020-09-10T11:02:01Z,2022-05-23T23:44:37Z,2019-07-24T11:52:47Z,21.0,46.0,Numbers is simple game to improve problem solving skills and it is built in Flutter Framework,False,Dart
1337,5355,5355,aristoteleo/dynamo-release,"['cell-fate', 'differential-geometry', 'dynamical-systems', 'dynamo', 'nasc-seq', 'potential-landscape', 'rna-acceleration', 'rna-curvature', 'rna-divergence', 'rna-jacobian', 'rna-velocity', 'sci-fate', 'scnt-seq', 'scrna-seq', 'scslam-seq', 'vector-field']",23.0,23.0,2022-06-04T01:31:28Z,2022-06-03T16:05:03Z,2019-07-05T15:44:35Z,35.0,254.0,"Inclusive model of expression dynamics with metabolic labeling based scRNA-seq / multiomics, vector field reconstruction and differential geometry analyses",False,Python
1338,5361,5361,waqaradil/AdonisRepo,[],0.0,0.0,2020-06-20T12:26:39Z,2022-06-03T02:40:58Z,2019-07-31T22:49:56Z,10.0,26.0,Adonis framework repository pattern with ready made crud operations.,False,JavaScript
1339,5366,5366,mobi/goponents,"['angular', 'typescript']",15.0,15.0,2022-01-10T14:37:08Z,2022-05-25T20:43:16Z,2019-02-14T16:29:51Z,16.0,7.0,Angular UI Components for utilization in the Tangoe Platform,False,TypeScript
1340,5368,5368,cuevas1208/fingerprint_recognition,[],10.0,10.0,2022-04-06T18:51:21Z,2022-06-03T02:11:15Z,2019-08-01T14:01:30Z,42.0,89.0,An implementations of fingerprint recognition algorithm,False,Python
1341,5373,5373,igvteam/juicebox.js,[],21.0,21.0,2022-03-15T04:58:53Z,2022-02-15T03:36:35Z,2017-02-07T18:46:36Z,13.0,13.0,HiC contact matrix visualization,False,JavaScript
1342,5375,5375,bachhoan88/CleanArchitecture,"['android', 'android-components', 'architecture', 'architecture-components', 'cleanarchitecture', 'code-base', 'data-flow', 'dependencies-injection', 'hilt', 'hilt-android', 'kotlin-android', 'model-mapper', 'navigation', 'viewmodel']",1.0,1.0,2021-08-05T23:37:52Z,2022-05-27T19:59:10Z,2018-06-13T03:45:42Z,54.0,188.0,Android Kotlin Clean Architecture ,False,Kotlin
1343,5379,5379,jhipster/generator-jhipster-micronaut,"['hacktoberfest', 'jhipster', 'micronaut']",28.0,28.0,2022-04-19T07:51:30Z,2022-04-19T07:48:01Z,2019-08-02T06:05:34Z,25.0,87.0,,False,EJS
1344,5386,5386,broadinstitute/catch,"['bioinformatics', 'covid-19', 'dna', 'genome', 'genomics', 'metagenomics', 'ngs', 'science', 'sequencing', 'viral']",0.0,0.0,2022-06-03T16:16:22Z,2022-04-29T04:24:48Z,2015-01-05T16:36:28Z,11.0,55.0,A package for designing compact and comprehensive capture probe sets.,False,Python
1345,5390,5390,zxlie/FeHelper,"['chrome-extension', 'code-beautify', 'code-compress', 'color-transfer', 'crontab', 'fehelper', 'firefox-add-ons', 'firefox-addon', 'firefox-extension', 'image-base64', 'json', 'json-format', 'markdown-html', 'microsoft-edge', 'microsoft-edge-extension', 'qrcode', 'qrcode-decoder', 'qrcode-generator', 'radix', 'web-fehelper']",120.0,120.0,2022-04-14T05:31:51Z,2022-06-02T09:25:32Z,2013-03-10T06:02:24Z,1059.0,4103.0,"üòçFeHelper--WebÂâçÁ´ØÂä©ÊâãÔºàAwesomeÔºÅChrome & Firefox & MS-Edge Extension, All in one Toolbox!Ôºâ",False,JavaScript
1346,5391,5391,JaneliaSciComp/JRCLUST,"['cluster', 'rocket', 'sorting', 'spike']",36.0,36.0,2022-04-15T15:13:50Z,2022-04-18T21:18:35Z,2017-09-25T21:54:18Z,24.0,32.0,JRCLUST,False,MATLAB
1347,5396,5396,aol/cyclops,"['asynchronous', 'collections', 'data-structures', 'functional-programming', 'java', 'java8', 'monad', 'monad-transformers', 'monoid', 'reactive', 'reactive-streams', 'streams', 'streams-api']",29.0,29.0,2022-05-20T12:36:21Z,2022-06-04T11:00:55Z,2015-01-20T22:17:32Z,138.0,1228.0,"An advanced, but easy to use, platform for writing functional applications in Java 8.",False,Java
1348,5401,5401,assemblerflow/flowcraft,"['bacterial', 'genomics', 'nextflow', 'pipeline']",40.0,40.0,2020-05-11T17:30:59Z,2022-06-02T07:32:02Z,2018-01-22T14:54:30Z,43.0,225.0,FlowCraft: a component-based pipeline composer for omics analysis using Nextflow. :whale::package:,False,Python
1349,5420,5420,pizzaql/pizzaql,"['apollo', 'auth0', 'authentication', 'babel', 'database', 'formik', 'graphql', 'javascript', 'nextjs', 'open-source', 'order-management', 'orders', 'pizza', 'pizzaql', 'prisma', 'react', 'restaurant', 'ssr', 'styled-components']",0.0,0.0,2020-09-26T13:18:42Z,2022-05-22T14:00:29Z,2018-12-26T18:22:54Z,66.0,655.0,:pizza: Modern OSS Order Management System for Pizza Restaurants,False,JavaScript
1350,5424,5424,kubesphere/kubesphere,"['cloud-native', 'cncf', 'container-management', 'devops', 'hacktoberfest', 'istio', 'jenkins', 'k8s', 'kubernetes', 'kubernetes-platform-solution', 'kubesphere', 'multi-cluster', 'observability', 'servicemesh']",338.0,338.0,2022-06-03T22:53:50Z,2022-06-04T14:28:43Z,2018-04-21T02:03:04Z,1521.0,10046.0,"The container platform tailored for Kubernetes multi-cloud, datacenter, and edge management ‚éà üñ• ‚òÅÔ∏è",False,Go
1351,5427,5427,keras-team/governance,[],8.0,8.0,2022-03-03T23:44:28Z,2022-05-25T14:39:02Z,2019-05-02T18:20:18Z,38.0,125.0,Governance of the Keras API.,False,
1352,5428,5428,pixijs/pixijs,"['canvas', 'canvas2d', 'data-visualization', 'game', 'glsl', 'javascript', 'pixi', 'pixijs', 'renderer', 'rendering', 'rendering-2d-graphics', 'rendering-engine', 'webgl']",84.0,84.0,2022-06-03T14:43:45Z,2022-06-04T15:10:00Z,2013-01-21T22:40:50Z,4558.0,36519.0,"The HTML5 Creation Engine: Create beautiful digital content with the fastest, most flexible 2D WebGL renderer.",False,TypeScript
1353,5429,5429,qiita-spots/qiita,"['microbiome', 'microbiome-analysis', 'python']",114.0,114.0,2022-05-13T12:47:34Z,2022-04-28T02:43:57Z,2013-09-26T18:50:43Z,69.0,104.0,Qiita - A multi-omics databasing effort,False,Python
1354,5430,5430,improbable-eng/ts-protoc-gen,"['grpc', 'grpc-web', 'plugin', 'protoc', 'protocol-buffers', 'ts', 'typescript']",40.0,40.0,2022-04-08T23:44:20Z,2022-06-01T07:10:19Z,2017-03-13T11:18:31Z,156.0,1138.0,Protocol Buffers Compiler (protoc) plugin for TypeScript and gRPC-Web.,False,TypeScript
1355,5434,5434,DevAdventCalendar/DevAdventCalendar,"['advent', 'calendar', 'hacktoberfest', 'puzzle']",26.0,26.0,2021-12-24T12:51:05Z,2022-05-06T17:56:28Z,2018-09-23T13:12:26Z,21.0,25.0,DevAdventCalendar web app,False,C#
1356,5435,5435,nestjsx/crud,"['crud', 'crud-generator', 'nest', 'nestjs', 'restful-api', 'typeorm', 'typescript']",262.0,262.0,2022-04-22T11:30:21Z,2022-06-04T08:11:32Z,2018-05-18T20:03:38Z,370.0,3005.0,NestJs CRUD for RESTful APIs,False,TypeScript
1357,5437,5437,xridge/kubestone,"['benchmark', 'kubernetes', 'kubernetes-operator', 'performance']",35.0,35.0,2022-04-03T07:51:16Z,2022-05-24T13:59:52Z,2019-07-29T15:09:25Z,38.0,194.0,Performance benchmarks for Kubernetes,False,Go
1358,5441,5441,googleapis/google-api-java-client,[],46.0,46.0,2022-06-03T01:48:56Z,2022-06-04T11:30:59Z,2014-10-28T17:31:34Z,625.0,1132.0,Google APIs Client Library for Java,False,Java
1359,5442,5442,googleapis/repo-automation-bots,[],98.0,98.0,2022-06-04T11:33:53Z,2022-06-04T10:09:49Z,2019-07-01T20:47:53Z,97.0,329.0,"A collection of bots, based on probot, for performing common maintenance tasks across the open-source repos managed by Google on GitHub.",False,TypeScript
1360,5444,5444,googleapis/cloud-trace-nodejs,"['cloud-trace', 'distributed-tracing']",32.0,32.0,2022-05-25T14:48:30Z,2022-06-01T11:03:52Z,2015-08-21T18:23:09Z,111.0,261.0,Node.js agent for Cloud Trace: automatically gather latency data about your application,False,TypeScript
1361,5446,5446,kiwitcms/Kiwi,"['management', 'qa', 'qa-team', 'qatools', 'testing', 'testing-tools', 'testlink', 'testopia']",126.0,126.0,2022-06-02T11:40:06Z,2022-06-04T09:42:25Z,2017-05-25T08:18:13Z,220.0,741.0,The leading open source test management system with over 1 million downloads!,False,Python
1362,5450,5450,immersive-web/webxr,"['augmented-reality', 'virtual-reality', 'web-api', 'webxr']",59.0,59.0,2022-06-01T15:37:01Z,2022-06-03T03:35:07Z,2016-03-14T23:30:00Z,351.0,2495.0,Repository for the WebXR Device API Specification.,False,JavaScript
1363,5452,5452,OkunaOrg/okuna-api,"['api', 'backend', 'django', 'okuna', 'openbook', 'python', 'social-network']",119.0,119.0,2022-01-13T01:00:40Z,2022-06-02T21:04:33Z,2018-10-01T07:44:46Z,80.0,227.0,ü§ñ The Okuna Social Network API,False,Python
1364,5453,5453,firefox-devtools/vscode-firefox-debug,[],45.0,45.0,2021-12-22T17:40:11Z,2022-05-31T03:00:06Z,2016-03-05T16:33:37Z,37.0,301.0,VS Code Debug Adapter for Firefox,False,TypeScript
1365,5458,5458,stryker-mutator/stryker-js,"['hacktoberfest', 'javascript', 'mutation-testing', 'stryker', 'test-automation', 'testing', 'testing-tools', 'typescript']",77.0,77.0,2022-06-03T22:12:26Z,2022-06-02T13:22:50Z,2016-02-12T13:14:28Z,205.0,2161.0,Mutation testing for JavaScript and friends,False,TypeScript
1366,5459,5459,nerdzao/nerdojo,"['coding-challenge', 'coding-dojo', 'dojo', 'javascript', 'nerdzao', 'programming', 'programming-challenges', 'programming-exercises', 'python']",5.0,5.0,2019-09-30T16:04:26Z,2022-01-08T03:09:49Z,2019-05-30T16:27:00Z,31.0,36.0,"ü•ã Coding Dojo √© uma forma de treinar suas habilidades em desenvolvimento de sistemas. Usamos o formato KATA. Nesse formato vamos apresentar o desafio e apresentar a proposta de solu√ß√£o (sem mostrar o c√≥digo), e reunir as pessoas em equipes. Esse reposit√≥rio serve como uma central de tudo o que acontece no NCD. Fique por dentro!",False,Python
1367,5460,5460,async-rs/async-std,"['async', 'async-await', 'async-rust', 'async-std', 'rust']",171.0,171.0,2022-06-03T22:14:29Z,2022-06-04T02:12:27Z,2019-08-08T12:52:13Z,312.0,3266.0,Async version of the Rust standard library,False,Rust
1368,5467,5467,cargo2nix/cargo2nix,"['cargo', 'nix', 'nix-overlay', 'nixos', 'nixpkgs', 'rust']",25.0,25.0,2022-06-04T09:15:51Z,2022-06-04T14:56:30Z,2019-05-13T03:27:27Z,33.0,140.0,"Granular caching, development shell, Nix & Rust integration",False,Nix
1369,5470,5470,pingcap/community,[],19.0,19.0,2022-06-01T06:49:33Z,2022-06-03T09:19:44Z,2017-11-15T02:22:40Z,138.0,238.0,TiDB community content,False,
1370,5473,5473,medic/cht-core,"['cht', 'couchdb', 'ehealth', 'hacktoberfest', 'health', 'javascript', 'medical', 'mhealth', 'mobile', 'phone', 'pouchdb']",557.0,557.0,2022-06-03T22:55:17Z,2022-05-27T04:32:19Z,2011-11-02T23:19:55Z,169.0,394.0,"The CHT Core Framework makes it faster to build responsive, offline-first digital health apps that equip health workers to provide better care in their communities. It is a central resource of the Community Health Toolkit.",False,JavaScript
1371,5476,5476,nedimf/maildroid,"['gradle', 'javamail-api', 'jitpack', 'kotlin', 'kotlin-android', 'robust-android-library', 'smtp-server']",1.0,1.0,2022-03-29T13:41:06Z,2022-05-23T17:31:26Z,2019-08-10T17:25:01Z,22.0,170.0,Maildroid is a small robust android library for sending emails using SMTP server,False,Kotlin
1372,5480,5480,dedica-team/nivio,"['alm', 'application-landscapes', 'architecture', 'diagram', 'graph', 'infrastructure', 'landscape']",109.0,109.0,2022-06-01T06:22:23Z,2022-03-31T06:22:54Z,2018-06-01T15:25:42Z,14.0,25.0,Management of application landscapes for teams,False,Java
1373,5488,5488,warofants/wwa,[],22.0,22.0,2020-02-16T23:07:15Z,2022-05-26T12:21:25Z,2019-08-11T17:27:09Z,83.0,154.0,World War of Ants,False,Java
1374,5500,5500,teamwalnut/graphql-ppx,"['bucklescript', 'graphql', 'graphql-ppx', 'ocaml', 'reason-native', 'reasonml', 'rescript']",26.0,26.0,2022-05-09T17:42:59Z,2022-03-25T12:40:42Z,2019-04-04T15:10:15Z,42.0,233.0,GraphQL language primitives for ReScript/ReasonML written in ReasonML,False,OCaml
1375,5502,5502,oxygen-updater/oxygen-updater,"['android', 'frontend', 'hacktoberfest', 'oneplus', 'oxygen-updater', 'oxygenos']",3.0,3.0,2022-06-01T16:33:26Z,2022-06-04T10:40:29Z,2018-11-24T20:36:29Z,78.0,241.0,"Oxygen Updater is a third-party app for OnePlus devices that allows you to install official OTA (over-the-air) updates ASAP. Ensure your device is up-to-date ‚Äî it's quick, easy, and free!",False,Kotlin
1376,5504,5504,psi-probe/psi-probe,"['java', 'psi-probe', 'tomcat']",157.0,157.0,2022-06-02T15:22:54Z,2022-06-04T07:59:58Z,2015-03-16T15:15:01Z,388.0,1232.0,"Advanced manager and monitor for Apache Tomcat, forked from Lambda Probe",False,Java
1377,5510,5510,sanketbajoria/ssh2-promise,"['forward-tunnel', 'promise', 'reverse-tunnels', 'sftp', 'socks', 'ssh', 'ssh-promise', 'ssh2', 'tunnel']",16.0,16.0,2022-05-01T17:58:07Z,2022-05-19T12:34:03Z,2017-12-02T12:16:20Z,18.0,128.0,ssh with promise/async await and typescript support,False,TypeScript
1378,5525,5525,progfay/scrapbox-parser,"['nodejs', 'parser', 'scrapbox', 'typescript']",2.0,2.0,2022-06-04T07:08:09Z,2022-05-07T13:21:10Z,2019-06-20T06:35:34Z,10.0,52.0,Scrapbox notation ‚Üí JavaScript Object,False,TypeScript
1379,5532,5532,stoneburner/ShowSomeProgress,"['ios', 'ios-ui', 'progress-circle', 'progressbar', 'swift']",1.0,1.0,2019-08-07T07:38:31Z,2022-04-14T01:45:01Z,2019-08-02T08:30:31Z,12.0,98.0,Progress and Activity Indicators for iOS apps,False,Swift
1380,5533,5533,MovingBlocks/Terasology,"['game', 'game-development', 'game-engine', 'game-engine-3d', 'gamedev', 'hacktoberfest', 'java', 'sandbox', 'voxel']",508.0,508.0,2022-06-04T15:05:48Z,2022-06-03T09:54:40Z,2011-03-04T03:49:19Z,1309.0,3341.0,Terasology - open source voxel world,False,Java
1381,5535,5535,willowtreeapps/sign-in-with-apple-button-android,[],16.0,16.0,2020-09-13T00:23:14Z,2022-05-12T12:10:14Z,2019-07-22T17:53:49Z,61.0,269.0,An Android library for Sign In with Apple,False,Kotlin
1382,5538,5538,alicevision/meshroom,"['3d-reconstruction', 'alicevision', 'camera-tracking', 'computer-vision', 'hdr-imaging', 'image-stitching', 'multi-view-stereo', 'photogrammetry', 'structure-from-motion', 'texturing']",273.0,273.0,2022-06-02T18:40:49Z,2022-06-04T13:01:56Z,2015-04-22T17:33:16Z,829.0,7990.0,3D Reconstruction Software,False,Python
1383,5545,5545,StochSS/GillesPy2,[],72.0,72.0,2022-06-03T20:24:23Z,2022-06-01T20:01:26Z,2017-09-18T21:22:39Z,28.0,57.0,Modeling toolkit for biochemical simulation,False,Jupyter Notebook
1384,5550,5550,imr-framework/virtual-scanner,['mri'],14.0,14.0,2022-05-30T21:17:27Z,2022-05-07T09:16:21Z,2019-03-05T16:53:48Z,11.0,26.0,An end-to-end hybrid MR simulator/console,False,Jupyter Notebook
1385,5555,5555,lifion/lifion-kinesis,"['adp', 'amazon', 'aws', 'big-data', 'client', 'consumer', 'kinesis', 'kinesis-client', 'kinesis-data-streams', 'kinesis-stream', 'lifion']",31.0,31.0,2022-06-02T22:44:16Z,2022-05-11T12:08:11Z,2018-09-20T20:41:17Z,15.0,74.0,A native Node.js producer and consumer library for Amazon Kinesis Data Streams,False,JavaScript
1386,5556,5556,googleapis/google-http-java-client,[],49.0,49.0,2022-06-03T19:09:51Z,2022-06-01T16:53:04Z,2015-01-09T00:00:41Z,427.0,1237.0,Google HTTP Client Library for Java,False,Java
1387,5558,5558,phoet/on_ruby,"['meetup', 'rails', 'ruby']",13.0,13.0,2022-05-31T14:19:11Z,2022-05-02T05:37:19Z,2010-12-13T13:46:46Z,87.0,207.0,:gem: :diamonds: Whitelabel Site for Ruby Communities,False,Ruby
1388,5559,5559,railsbridge/bridge_troll,[],84.0,84.0,2022-06-03T11:15:56Z,2022-05-20T12:41:54Z,2011-03-24T06:24:53Z,265.0,276.0,"Event management system for all the Bridges (RailsBridge, MobileBridge, GoBridge, etc!)",False,Ruby
1389,5561,5561,python-trio/trio,"['async', 'async-await', 'io', 'networking', 'python', 'structured-concurrency', 'trio']",308.0,308.0,2022-06-03T10:39:56Z,2022-06-04T12:28:20Z,2017-01-16T04:45:25Z,270.0,4703.0,Trio ‚Äì a friendly Python library for async concurrency and I/O,False,Python
1390,5563,5563,ushahidi/platform,['hacktoberfest'],597.0,597.0,2022-06-01T15:39:52Z,2022-05-04T16:47:22Z,2012-10-08T15:40:14Z,393.0,613.0,Ushahidi Platform API version 3+,False,PHP
1391,5566,5566,mcguinlu/robvis,"['evidence-synthesis', 'risk-of-bias', 'systematic-reviews', 'visualisation']",17.0,17.0,2021-06-04T15:33:57Z,2022-05-31T17:46:26Z,2019-04-09T04:01:14Z,14.0,39.0,A package to quickly visualise risk-of-bias assessment results,False,R
1392,5569,5569,XeroAPI/Xero-Java,"['accounting', 'java', 'sdk', 'xero']",11.0,11.0,2022-05-11T17:07:48Z,2022-05-16T13:19:03Z,2016-06-14T21:22:47Z,84.0,58.0,Official Java client for use with Xero API,False,Java
1393,5570,5570,XeroAPI/Xero-OpenAPI,"['openapi', 'swagger', 'xero-api']",8.0,8.0,2022-05-23T18:30:16Z,2022-05-30T04:33:57Z,2017-11-30T02:37:18Z,83.0,70.0,An OpenAPI description of the Xero API,False,Mustache
1394,5571,5571,TanStack/react-table,"['datagrid', 'datagrids', 'datatable', 'filtering', 'grid', 'grouping', 'hooks', 'javascript', 'pagination', 'react', 'reactjs', 'solid', 'solidjs', 'sorting', 'svelte', 'sveltejs', 'table', 'typescript', 'vue']",7.0,7.0,2022-06-04T13:03:20Z,2022-06-04T14:22:01Z,2016-10-20T17:25:08Z,2413.0,17520.0,"ü§ñ Headless UI for building powerful tables & datagrids for TS/JS -  React-Table, Vue-Table, Solid-Table, Svelte-Table",False,TypeScript
1395,5572,5572,Qubinode/qubinode-installer,"['ansible', 'kvm', 'ocp', 'okd-4', 'openshift-cluster', 'workloads']",3.0,3.0,2022-05-09T23:29:53Z,2022-04-08T20:51:37Z,2019-02-02T02:59:37Z,26.0,82.0,An easy to set up OpenShift development kit powered by Red Hat Ansible.,False,Shell
1396,5573,5573,facebook/facebook-ios-sdk,[],21.0,21.0,2022-06-03T21:04:42Z,2022-06-02T06:11:44Z,2010-06-24T22:11:03Z,3115.0,7082.0,Used to integrate the Facebook Platform with your iOS & tvOS apps.,False,Swift
1397,5577,5577,STEllAR-GROUP/octotiger,"['astrophysics', 'cuda', 'cuda-kernels', 'hpx', 'stellar-mergers']",5.0,5.0,2022-06-03T18:20:21Z,2022-04-18T11:24:26Z,2016-11-12T02:30:19Z,15.0,31.0,Astrophysics program simulating the evolution of star systems based on the fast multipole method on adaptive Octrees,False,C++
1398,5578,5578,SolidZORO/leaa,"['admin', 'antd', 'cms', 'dashboard', 'nestjs', 'nextjs', 'node', 'react', 'restful', 'taro', 'typescript']",24.0,24.0,2022-06-01T23:47:03Z,2022-06-02T17:03:15Z,2019-06-07T18:02:06Z,53.0,436.0,"Leaa is a monorepo restful CMS / Admin built with Nest.js (@nestjsx/crud, node.js) and Ant Design.",False,TypeScript
1399,5579,5579,fridgecow/smartalarm,"['alarm', 'android-wear', 'smart-alarms']",9.0,9.0,2019-08-29T15:53:09Z,2022-05-21T15:01:09Z,2017-12-28T13:05:24Z,11.0,31.0,Smart Alarm for Wear OS,False,Java
1400,5590,5590,SGNovice/Disease-detection-using-chest-xrays,[],2.0,2.0,2022-03-11T23:56:53Z,2022-05-17T15:43:07Z,2019-08-19T14:37:58Z,26.0,67.0,For the demo. Click on the link.,False,HTML
1401,5591,5591,longhorn/longhorn,"['cncf', 'distributed-systems', 'high-availability', 'k8s-sig-storage', 'kubernetes', 'longhorn', 'storage']",731.0,731.0,2022-06-03T06:05:49Z,2022-06-03T13:44:08Z,2017-04-14T19:57:01Z,518.0,3834.0,Cloud-Native distributed storage built on and for Kubernetes,False,Shell
1402,5592,5592,facebook/react-devtools,[],0.0,0.0,2019-09-03T10:48:51Z,2022-06-03T10:08:01Z,2013-09-04T20:28:43Z,1871.0,10998.0,An extension that allows inspection of React component hierarchy in the Chrome and Firefox Developer Tools.,False,
1403,5593,5593,ekovegeance/DDOS,"['attack', 'ddos', 'flood', 'hacker', 'hacking-tool', 'hping3', 'lookup', 'netcat', 'nmap', 'nping', 'tcp', 'tcp-ack-flood', 'udp-port']",1.0,1.0,2021-06-02T13:48:00Z,2022-05-25T11:06:18Z,2017-07-05T07:17:52Z,36.0,132.0,script simple [DDOS] Distributed danial of service,False,Shell
1404,5595,5595,kaio-souza/NotaFiscalSP,[],0.0,0.0,2021-07-26T14:51:12Z,2022-04-27T16:32:31Z,2019-08-08T12:42:00Z,18.0,19.0,Emiss√£o de Nota Fiscal  / Nota Fiscal de Tomador de Servi√ßo pela API da prefeitura de S√£o Paulo,False,PHP
1405,5599,5599,solisoft/fasty,[],4.0,4.0,2022-06-01T15:14:16Z,2022-05-19T14:00:32Z,2019-05-25T08:09:55Z,12.0,149.0,Fasty is a new CMS based on openresty / lapis & arangoDB,False,JavaScript
1406,5602,5602,bahadurbaniya/Date-Converter-Bikram-Sambat-to-English-Date,"['adtobs', 'bikram-sambat', 'bikram-sambat-converter', 'bikram-samvat', 'bikram-samvat-converter', 'bikram-samwat', 'bikram-samwat-converter', 'bstoad', 'conversion', 'java', 'nepali-calendar', 'nepali-date', 'nepali-date-conversion', 'nepali-date-converter', 'nepali-english-date-conversion', 'nepali-year']",2.0,2.0,2020-11-07T02:39:54Z,2021-09-27T13:25:52Z,2012-02-05T05:54:39Z,14.0,14.0,"Nepali Date converter - AD to Bikram Sambat, Bikram Sambat to AD, Nepali to English Date",False,Java
1407,5606,5606,felixjb/testify,"['debugging-tool', 'hacktoberfest', 'javascript', 'jest', 'mocha', 'test-driven-development', 'test-runner', 'testing-tool', 'typescript', 'unit-testing', 'vscode-extension']",13.0,13.0,2022-06-03T19:48:52Z,2022-06-04T13:17:01Z,2019-06-06T19:05:36Z,15.0,36.0,Run JavaScript & TypeScript tests easily using CodeLens,False,TypeScript
1408,5616,5616,DFW1N/DFW1N-OSINT,"['australia', 'cryptography', 'cybersecurity', 'darkweb-data', 'ethical-hacking', 'forensics', 'intelligence', 'intelligence-search-service', 'investigator', 'opensource', 'osint', 'osint-framework', 'osint-reconnaissance', 'osint-resources', 'penetration-testing-tools', 'police', 'redteaming', 'social-media', 'social-network']",0.0,0.0,2021-08-16T05:05:11Z,2022-05-27T09:31:09Z,2019-08-08T05:09:49Z,28.0,116.0,"Australian Open Source Intelligence Gathering Resources,                                                                              Australias Largest Open Source Intelligence Repository for Cyber Professionals and Ethical Hackers",False,
1409,5624,5624,DiUS/java-faker,"['faker-gem', 'java', 'java-faker']",200.0,200.0,2022-05-31T08:19:54Z,2022-06-04T01:46:16Z,2011-06-06T01:01:21Z,690.0,3549.0,Brings the popular ruby faker gem to Java,False,Java
1410,5645,5645,bloc97/Anime4K,"['anime', 'anime-upscaling', 'anime4k', 'cnn', 'computer-graphics', 'convolutional-neural-networks', 'denoising-algorithms', 'neural-networks', 'super-resolution', 'upsampling', 'upscaling', 'video', 'video-processing']",77.0,77.0,2022-05-12T07:15:26Z,2022-06-04T10:40:47Z,2019-08-13T22:51:31Z,1277.0,14838.0,A High-Quality Real Time Upscaler for Anime Video,False,Jupyter Notebook
1411,5648,5648,iBowie/BowieD.Unturned.NPCMaker,"['c-sharp', 'creator', 'editor', 'maker', 'npcs', 'tool', 'unturned']",3.0,3.0,2022-05-26T06:15:09Z,2022-06-03T12:58:05Z,2019-01-23T14:56:07Z,12.0,22.0,Unturned NPC Maker,False,C#
1412,5670,5670,eclipse/.github,[],3.0,3.0,2022-01-21T18:22:37Z,2022-01-08T12:59:27Z,2019-07-12T13:02:33Z,14.0,0.0,Community Health files,False,
1413,5672,5672,appsody/appsody,[],98.0,98.0,2020-12-18T10:28:16Z,2022-05-31T18:44:17Z,2019-06-18T03:38:04Z,49.0,173.0,Appsody command line tool,False,Go
1414,5674,5674,antstackio/lanyard,[],22.0,22.0,2022-04-09T03:48:13Z,2021-09-25T06:35:51Z,2019-08-13T13:12:08Z,19.0,31.0,The Agenda PWA (progressive web app) for your conference!,False,JavaScript
1415,5675,5675,brian-team/brian2,"['biological-simulations', 'brian', 'brian2', 'code-generation', 'computational-neuroscience', 'differential-equations', 'neuroscience', 'python', 'science', 'simulation-framework', 'spiking-neural-networks']",192.0,192.0,2022-06-02T09:45:12Z,2022-06-03T21:04:04Z,2012-11-27T13:46:43Z,203.0,667.0,"Brian is a free, open source simulator for spiking neural networks. ",False,Python
1416,5676,5676,metabrainz/picard,"['acoustid', 'audio', 'id3', 'music', 'music-tagger', 'musicbrainz', 'musicbrainz-picard', 'python', 'tagger']",10.0,10.0,2022-06-03T13:35:38Z,2022-06-01T18:35:59Z,2011-08-16T22:30:23Z,347.0,2806.0,MusicBrainz Picard audio file tagger,False,Python
1417,5679,5679,emedvedev/slackin-extended,"['slack', 'slackin']",27.0,27.0,2022-06-01T21:02:13Z,2022-06-03T00:38:40Z,2017-04-26T13:49:55Z,62.0,128.0,Public Slack organizations made easy (extended fork of rauchg/slackin),False,JavaScript
1418,5683,5683,decred/dcrdata,"['blockchain', 'cryptocurrency', 'decred', 'json-api', 'mempool', 'rest-api']",127.0,127.0,2022-06-01T18:59:43Z,2022-06-02T08:53:44Z,2017-02-22T16:24:53Z,134.0,122.0,"Decred block explorer, with packages and apps for data collection and storage. Written in Go.",False,Go
1419,5686,5686,RiotGear/rg,[],11.0,11.0,2020-09-27T16:22:05Z,2022-02-03T03:07:38Z,2015-06-08T10:17:19Z,61.0,289.0,The open source component library for RiotJS,False,JavaScript
1420,5688,5688,CISOfy/lynis,"['auditing', 'compliance', 'devops', 'devops-tools', 'gdpr', 'hardening', 'hipaa', 'linux', 'pci-dss', 'security-audit', 'security-hardening', 'security-scanner', 'security-tools', 'security-vulnerability', 'shell', 'system-hardening', 'unix', 'vulnerability-assessment', 'vulnerability-detection', 'vulnerability-scanners']",73.0,73.0,2022-05-18T16:05:49Z,2022-06-04T04:46:07Z,2013-12-10T14:00:49Z,1216.0,9699.0,"Lynis - Security auditing tool for Linux, macOS, and UNIX-based systems. Assists with compliance testing (HIPAA/ISO27001/PCI DSS) and system hardening. Agentless, and installation optional.",False,Shell
1421,5690,5690,boyter/scc,"['cli', 'cloc', 'code', 'complexity', 'golang', 'linux', 'macos', 'sloc', 'sloccount', 'statistics', 'tokei', 'windows']",38.0,38.0,2022-05-18T00:57:45Z,2022-06-04T05:26:45Z,2018-03-01T06:44:25Z,155.0,3423.0,"Sloc, Cloc and Code: scc is a very fast accurate code counter with complexity calculations and COCOMO estimates written in pure Go",False,Go
1422,5691,5691,amir20/phantomjs-node,"['javascript', 'nodejs', 'phantomjs', 'phantomjs-process']",10.0,10.0,2019-12-03T19:01:28Z,2022-05-26T14:42:45Z,2011-10-01T06:01:36Z,510.0,3546.0,PhantomJS integration module for NodeJS,False,JavaScript
1423,5692,5692,Ignitus/Ignitus-client,"['emotion', 'heroku-pipeline', 'javascript', 'jest-tests', 'react', 'redux', 'reselect', 'styled-components', 'travis-ci', 'typescript']",8.0,8.0,2022-06-01T22:11:09Z,2022-05-28T14:54:20Z,2018-05-29T17:48:32Z,125.0,87.0,Ignitus-client architecture . ‚òòÔ∏è,False,TypeScript
1424,5695,5695,samtecspg/articulate,"['chatbot', 'nlp', 'nlu', 'react']",135.0,135.0,2022-04-09T02:11:10Z,2022-05-19T19:50:37Z,2017-10-25T17:32:59Z,152.0,578.0,A platform for building conversational interfaces with intelligent agents (chatbots),False,JavaScript
1425,5697,5697,CondeNast/atjson,['maintained'],42.0,42.0,2022-06-04T10:17:53Z,2022-05-22T00:06:18Z,2017-09-01T15:48:57Z,12.0,172.0,atjson is a living content format for annotating content,False,TypeScript
1426,5698,5698,amberframework/amber,"['amber', 'amber-framework', 'cli', 'cohesive', 'crystal', 'efficient', 'fast', 'framework', 'scaffolding', 'web', 'web-framework']",42.0,42.0,2022-05-25T16:20:02Z,2022-06-03T22:33:41Z,2017-04-17T18:02:35Z,181.0,2381.0,"A Crystal web framework that makes building applications fast, simple, and enjoyable. Get started with quick prototyping, less bugs, and blazing fast performance.",False,Crystal
1427,5700,5700,my-first-pr/hacktoberfest-2018,"['first-timers', 'first-timers-friendly', 'first-timers-only', 'hacktoberfest', 'hacktoberfest2018']",111.0,111.0,2021-10-29T20:27:36Z,2022-01-30T17:28:51Z,2018-09-07T12:33:16Z,798.0,55.0,,False,C++
1428,5702,5702,rodizio1/EZ-WifiBroadcast,"['aerial-imagery', 'downlink', 'drones', 'flir-cameras', 'hdfpv', 'multirotor-uavs', 'thermal-imaging', 'video-streaming', 'wifibroadcast']",60.0,60.0,2020-09-14T03:37:55Z,2022-05-31T11:08:35Z,2016-07-19T14:47:28Z,172.0,670.0,Affordable Digital HD Video Transmission made easy!,False,C
1429,5704,5704,salvadorgarciamunoz/pyphi,[],2.0,2.0,2022-05-09T18:41:29Z,2022-05-31T16:54:36Z,2019-02-05T11:53:34Z,12.0,20.0,pyPhi is a python package to perform multivariate analysis using PCA and PLS methods,False,Python
1430,5705,5705,JoinColony/colonyDapp,"['colony', 'dapp', 'ethereum', 'web3']",82.0,82.0,2022-06-03T15:06:19Z,2022-05-29T21:35:52Z,2017-11-09T02:43:53Z,12.0,46.0,Colony dApp client,False,TypeScript
1431,5709,5709,inkstitch/inkstitch,"['embroidery', 'inkscape', 'inkscape-extension', 'machine-embroidery']",271.0,271.0,2022-06-04T05:29:02Z,2022-06-02T04:43:39Z,2016-01-06T15:44:23Z,126.0,632.0,Ink/Stitch: an Inkscape extension for machine embroidery design,False,Python
1432,5710,5710,tektronix/RSA_API,"['rsa-api', 'spectrum-analyzer', 'tektronix-products']",13.0,13.0,2020-12-08T07:35:24Z,2022-05-13T02:00:23Z,2017-07-19T00:38:41Z,14.0,21.0,Code examples and utilities for the RSA API and USB-based RSA300/500/600 instruments,False,Python
1433,5711,5711,wikimedia/WikiContrib,"['contribution-graph', 'django', 'gerrit', 'github', 'phabricator', 'react']",1.0,1.0,2022-04-22T23:04:09Z,2022-02-06T22:50:38Z,2019-06-05T12:23:16Z,31.0,20.0,A tool for Wikimedia community members to visualize their technical contributions,False,JavaScript
1434,5716,5716,taznux/radiomics-tools,"['dicom', 'feature-extraction', 'nrrd', 'pipeline', 'python', 'radiomics', 'radiomics-analysis', 'radiomics-features', 'ruffus', 'simpleitk']",5.0,5.0,2022-06-02T18:35:26Z,2022-05-24T13:43:15Z,2016-07-01T18:49:08Z,12.0,14.0,Image processing tools for radiomics analysis,False,C++
1435,5721,5721,mayankmetha/Rucky,"['android', 'android-app', 'exploitation', 'hacking-tool', 'hacking-tools', 'hackingtool', 'hackingtools', 'kali-nethunter', 'nethunter', 'raspberry-pi', 'raspberry-pi-0-w', 'raspberry-pi-zero-w', 'rubber-duck', 'rubber-ducky', 'rubberduck', 'rubberducky', 'security', 'usb-hid', 'wireless', 'wireless-security']",6.0,6.0,2022-06-02T06:33:40Z,2022-05-30T14:40:17Z,2018-01-13T10:12:58Z,47.0,258.0,A simple to use USB HID Rubber Ducky Launch Pad for Android.,False,Java
1436,5722,5722,Stuyk/openrp-altv,"['altv', 'fivem', 'ragemp', 'roleplay']",8.0,8.0,2021-04-27T21:08:55Z,2022-05-29T00:17:00Z,2019-08-09T15:31:51Z,25.0,21.0,Dead gamemode for alt:V Roleplay. There is an alternative called Athena.,False,
1437,5735,5735,wasmerio/wasmer,"['emscripten', 'linux', 'macos', 'rust', 'wasi', 'wasm', 'wasmer', 'webassembly', 'windows']",161.0,161.0,2022-06-04T12:58:17Z,2022-06-04T09:59:11Z,2018-10-11T10:15:53Z,529.0,12242.0,üöÄ The leading WebAssembly Runtime supporting WASI and Emscripten,False,Rust
1438,5736,5736,swiftyapp/swifty,"['cipher', 'credentials', 'cryptography', 'desktop', 'desktop-app', 'electron', 'encryption', 'javascript', 'linux', 'macos', 'password', 'password-manager', 'privacy', 'privacy-tools', 'security', 'windows']",23.0,23.0,2022-05-05T10:22:36Z,2022-06-01T02:40:08Z,2019-06-30T14:09:08Z,67.0,683.0,üîë   Free Offline Password Manager ,False,JavaScript
1439,5742,5742,insarlab/MintPy,"['deformation', 'earthquake', 'geodesy', 'geophysics', 'geoscience', 'insar', 'remote-sensing', 'tectonics', 'time-series', 'volcano']",24.0,24.0,2022-06-02T17:54:53Z,2022-06-04T08:44:34Z,2014-08-29T03:36:46Z,188.0,318.0,Miami InSAR time-series software in Python,False,Python
1440,5745,5745,schorschinho/osprey,"['magnetic-resonance-spectroscopy', 'matlab', 'mrs', 'mrshub', 'neuroscience']",9.0,9.0,2022-06-03T19:13:41Z,2022-05-23T19:43:29Z,2019-07-19T01:55:07Z,23.0,27.0,All-in-one toolbox for processing of magnetic resonance spectroscopy data.,False,MATLAB
1441,5754,5754,mayajs/maya,"['angular', 'express', 'framework', 'mayajs', 'nodejs', 'nodejs-server', 'rest', 'rest-api', 'typescript']",3.0,3.0,2022-05-16T09:01:17Z,2022-02-17T02:29:13Z,2019-08-04T03:26:18Z,26.0,48.0,MayaJS is not a wrapper for ExpressJS or Fastify. We use our own routing library and it has capabilities to use third party middlewares.,False,TypeScript
1442,5766,5766,ovh-ux/ovh-manager-dedicated,"['angularjs', 'dedicated', 'manager', 'ovhcloud', 'webpack']",2.0,2.0,2020-01-29T20:25:42Z,2021-07-27T23:42:02Z,2018-03-07T07:14:42Z,14.0,12.0,[DEPRECATED] ‚Äî OVHcloud Control Panel Dedicated UI ‚Äî Official Repository,False,JavaScript
1443,5769,5769,ovh-ux/ovh-manager-cloud,[],0.0,0.0,2020-03-16T06:56:49Z,2021-12-06T19:27:35Z,2017-07-17T08:26:52Z,36.0,55.0,[DEPRECATED] ‚Äî OVHcloud Control Panel Cloud UI ‚Äî Official Repository,False,JavaScript
1444,5772,5772,ovh-ux/ovh-manager-telecom,"['angularjs', 'manager', 'ovhcloud', 'telecom', 'webpack']",0.0,0.0,2019-10-25T12:05:59Z,2021-07-27T23:41:59Z,2017-07-10T14:12:35Z,17.0,25.0,OVHcloud Control Panel Telecom UI ‚Äî Official Repository,False,HTML
1445,5775,5775,ovh-ux/ovh-manager-web,"['angularjs', 'manager', 'web', 'webpack']",0.0,0.0,2019-12-23T10:18:47Z,2021-10-26T01:01:50Z,2017-09-05T09:26:14Z,28.0,61.0,OVH Control Panel Web UI ‚Äî Official Repository,False,HTML
1446,5788,5788,ovh/ovh-ui-kit,"['component', 'hacktoberfest', 'ovh', 'ovh-ui', 'ovhcloud']",9.0,9.0,2022-05-19T06:45:22Z,2022-05-04T11:12:08Z,2017-03-21T15:36:11Z,22.0,41.0,OVHcloud UI Kit - Master UI Framework,False,JavaScript
1447,5790,5790,ovh/manager,"['angularjs', 'lerna', 'ovhcloud', 'rollup', 'webpack', 'workspace', 'yarn']",111.0,111.0,2022-06-03T17:36:18Z,2022-06-04T06:31:01Z,2018-10-30T09:45:16Z,71.0,152.0,OVHcloud Control Panel,False,JavaScript
1448,5813,5813,twitter/rpc-perf,[],4.0,4.0,2022-05-11T20:46:07Z,2022-06-02T15:27:10Z,2015-11-24T04:39:03Z,55.0,410.0,A tool for benchmarking RPC services,False,Rust
1449,5815,5815,hardkoded/puppeteer-sharp,"['chrome', 'chromium', 'chsarp', 'hacktoberfest', 'mono', 'puppeteer']",98.0,98.0,2022-06-03T01:19:37Z,2022-06-03T16:36:04Z,2017-09-30T20:32:25Z,343.0,2316.0,Headless Chrome .NET API,False,C#
1450,5816,5816,elementary/switchboard-plug-sound,"['gtk', 'gtk3', 'hacktoberfest', 'meson', 'pantheon', 'pulseaudio', 'switchboard', 'vala']",92.0,92.0,2022-06-03T23:21:22Z,2022-01-25T18:54:02Z,2017-04-11T18:47:42Z,11.0,11.0,Switchboard Sound Plug,False,Vala
1451,5821,5821,rubyaustralia/ruby-conf-au,[],1.0,1.0,2022-05-28T02:11:55Z,2021-10-12T22:18:02Z,2012-06-13T10:37:37Z,18.0,3.0,RubyConf Australia,False,Haml
1452,5822,5822,carbon-design-system/carbon,"['design-system', 'javascript', 'react', 'scss']",580.0,580.0,2022-06-03T21:04:31Z,2022-06-04T00:51:27Z,2017-03-13T14:23:59Z,1312.0,5566.0,A design system built by IBM,False,JavaScript
1453,5825,5825,dothq/browser,"['android', 'browser', 'desktop', 'firefox', 'linux', 'macos', 'windows']",20.0,20.0,2022-04-23T16:58:41Z,2022-06-01T02:46:43Z,2019-04-08T20:04:23Z,94.0,1016.0,The browser that fights for your privacy.,False,JavaScript
1454,5826,5826,MicrosoftDocs/.github,[],3.0,3.0,2022-04-01T12:20:13Z,2022-06-02T18:53:55Z,2019-07-02T16:36:19Z,211.0,59.0,Default Community Health Files for the MicrosoftDocs organization on GitHub,False,
1455,5830,5830,devblackops/Terminal-Icons,"['console', 'icon', 'icons', 'powershell', 'terminal']",24.0,24.0,2022-05-17T13:15:34Z,2022-06-03T15:12:21Z,2019-04-06T21:39:51Z,45.0,1184.0,A PowerShell module to show file and folder icons in the terminal,False,PowerShell
1456,5831,5831,testing-library/react-testing-library,"['javascript', 'reactjs', 'testing']",14.0,14.0,2022-05-28T08:23:01Z,2022-06-04T14:15:54Z,2018-03-19T13:39:49Z,960.0,16498.0,üêê Simple and complete React DOM testing utilities that encourage good testing practices.,False,JavaScript
1457,5835,5835,terralang/terra,[],112.0,112.0,2022-06-01T23:04:42Z,2022-06-02T13:06:02Z,2012-09-24T18:38:51Z,186.0,2410.0,Terra is a low-level system programming language that is embedded in and meta-programmed by the Lua programming language.,False,C++
1458,5876,5876,minikin/soundcloud_audio_player,"['android', 'android-app', 'audio', 'audio-player', 'cross-platform', 'dart', 'flutter', 'flutter-app', 'flutter-demo', 'ios', 'macos', 'mobile', 'soundcloud', 'soundcloud-audio-player', 'soundcloud-flutter']",0.0,0.0,2022-03-18T16:22:32Z,2022-03-11T17:02:02Z,2019-07-30T12:08:37Z,12.0,48.0,üéπ SoundCloud Audio Player for Flutter.,False,Dart
1459,5886,5886,DockerSecurityPlayground/DSP,[],40.0,40.0,2022-05-31T23:18:14Z,2022-06-02T20:21:54Z,2017-09-19T07:15:19Z,102.0,488.0,A Microservices-based framework for the study of Network Security and Penetration Test techniques,False,JavaScript
1460,5892,5892,genn-team/genn,"['computational-neuroscience', 'nvidia-cuda', 'simulation', 'spiking-neural-networks']",55.0,55.0,2022-05-31T19:07:00Z,2022-06-03T23:36:27Z,2014-09-30T10:22:50Z,51.0,177.0,GeNN is a GPU-enhanced Neuronal Network simulation environment based on code generation for Nvidia CUDA.,False,C++
1461,5893,5893,calebdwilliams/construct-style-sheets,"['construct-style-sheets', 'css', 'cssmodules', 'cssom', 'modules', 'polyfill', 'proposal', 'shadowdom', 'style-sheets', 'webcomponents']",9.0,9.0,2022-04-10T00:20:30Z,2022-05-30T13:54:52Z,2019-01-17T14:41:25Z,13.0,118.0,Constructible style sheets/adopted style sheets polyfill,False,TypeScript
1462,5894,5894,codyogden/killedbygoogle,"['front-end', 'google', 'json', 'open-data', 'product', 'react']",6.0,6.0,2022-06-01T23:23:22Z,2022-06-02T01:24:04Z,2018-09-16T00:52:08Z,291.0,1667.0,"Part guillotine, part graveyard for Google's doomed apps, services, and hardware.",False,TypeScript
1463,5896,5896,participedia/api,[],69.0,69.0,2022-05-31T18:00:37Z,2022-01-04T10:47:32Z,2016-07-03T19:26:58Z,10.0,15.0,Website and API for Participedia V3,False,JavaScript
1464,5908,5908,anand1st/sshd-shell-spring-boot,[],2.0,2.0,2022-02-13T13:27:58Z,2022-05-13T02:01:59Z,2017-05-29T08:46:48Z,14.0,82.0,Spring boot starter that provides SSH daemon to spring boot applications,False,Java
1465,5909,5909,panjf2000/ants,"['ants', 'go', 'goroutine', 'goroutine-pool', 'pool', 'worker-pool']",24.0,24.0,2022-05-13T15:31:35Z,2022-06-04T14:25:35Z,2018-05-19T01:13:38Z,1018.0,8361.0,"üêúüêúüêú ants is a high-performance and low-cost goroutine pool in Go, inspired by fasthttp./ ants ÊòØ‰∏Ä‰∏™È´òÊÄßËÉΩ‰∏î‰ΩéÊçüËÄóÁöÑ goroutine Ê±†„ÄÇ",False,Go
1466,5911,5911,repo-sync/github-sync,"['action', 'fork', 'github-action', 'hacktoberfest', 'sync']",3.0,3.0,2022-01-31T13:49:41Z,2022-05-23T14:34:02Z,2019-07-02T15:42:02Z,73.0,258.0,‚§µÔ∏è A GitHub Action for syncing current repository with remote,False,Shell
1467,5913,5913,guibranco/BancosBrasileiros,"['banco', 'banco-central-do-brasil', 'bancocentral', 'bancocentraldobrasil', 'bancos', 'bank', 'banks', 'bcb', 'brasileiros', 'comercial', 'csv', 'febraban', 'federacao-brasileira-de-bancos', 'json', 'sql', 'xml']",0.0,0.0,2022-06-01T13:09:47Z,2022-05-19T01:29:42Z,2017-10-26T17:25:08Z,126.0,278.0,Lista de bancos brasileiros | Brazilian banks list,False,TypeScript
1468,5918,5918,amethyst/tools,"['amethyst', 'cli', 'rust', 'toolls']",0.0,0.0,2020-08-20T05:37:43Z,2022-04-10T01:09:12Z,2016-01-05T04:27:30Z,25.0,82.0,Game development tools for the Amethyst engine,False,Rust
1469,5919,5919,repo-sync/pull-request,"['actions', 'github-actions', 'hacktoberfest']",21.0,21.0,2022-05-23T11:38:20Z,2022-06-02T09:49:12Z,2019-08-15T01:32:49Z,103.0,237.0,‚§µÔ∏è A GitHub Action for creating pull requests,False,Shell
1470,5923,5923,ivre/ivre,"['bro', 'hacktoberfest', 'masscan', 'network', 'network-analysis', 'network-discovery', 'network-monitoring', 'network-security', 'nmap', 'nmap-parser', 'nmap-results-analyse', 'nmap-scripts', 'osint', 'osint-python', 'osint-reconnaissance', 'python', 'scan-ports', 'scans', 'security', 'zeek']",30.0,30.0,2022-06-01T17:16:13Z,2022-06-04T15:11:19Z,2014-09-12T13:34:56Z,582.0,2548.0,"Network recon framework, published by @cea-sec & @ANSSI-FR. Build your own, self-hosted and fully-controlled alternatives to Shodan / ZoomEye / Censys and GreyNoise, run your Passive DNS service, collect and analyse network intelligence from your sensors, and much more!",False,Python
1471,5933,5933,remaxjs/remax,"['alipay-mini-program', 'mini-program', 'miniprogram', 'react', 'reactjs', 'toutiao-miniprogram', 'wechat-mini-program']",117.0,117.0,2022-06-01T23:15:27Z,2022-06-02T09:10:34Z,2019-01-07T16:27:03Z,355.0,4313.0,‰ΩøÁî®ÁúüÊ≠£ÁöÑ React ÊûÑÂª∫Ë∑®Âπ≥Âè∞Â∞èÁ®ãÂ∫è,False,TypeScript
1472,5936,5936,coduo/php-matcher,[],5.0,5.0,2022-06-03T11:24:53Z,2022-05-26T19:16:53Z,2014-04-15T12:33:45Z,70.0,750.0,The easiest way to match data structures like JSON/PlainText/XML against readable patterns. Sandbox:,False,PHP
1473,5939,5939,akka/akka-grpc,"['akka', 'akka-http', 'grpc', 'hacktoberfest', 'java', 'reactive', 'reactive-streams', 'rpc', 'scala', 'streaming']",165.0,165.0,2022-05-30T07:22:24Z,2022-05-26T02:51:33Z,2018-02-08T16:28:56Z,109.0,411.0,Akka gRPC,False,Scala
1474,5940,5940,Yoast/wordpress-seo,"['breadcrumbs', 'metadata', 'opengraph', 'php', 'plugin', 'seo', 'wordpress', 'xml-sitemap', 'yoast', 'yoast-seo']",784.0,784.0,2022-06-03T15:06:17Z,2022-05-31T07:10:43Z,2012-11-16T15:16:29Z,798.0,1504.0,Yoast SEO for WordPress,False,JavaScript
1475,5941,5941,hasura/graphql-engine,"['access-control', 'api', 'automatic-api', 'bigquery', 'graphql', 'graphql-api', 'graphql-server', 'haskell', 'hasura', 'mysql', 'postgres', 'rest-api', 'sql-server']",1858.0,1858.0,2022-06-03T13:29:59Z,2022-06-04T14:44:25Z,2018-06-18T07:57:36Z,2304.0,26926.0,"Blazing fast, instant realtime GraphQL APIs on your DB with fine grained access control, also trigger webhooks on database events.",False,Haskell
1476,5944,5944,capitalone/datacompy,"['data', 'data-science', 'pandas', 'python', 'spark']",12.0,12.0,2022-05-27T20:59:40Z,2022-06-01T15:40:58Z,2018-03-23T13:16:03Z,78.0,225.0,Pandas and Spark DataFrame comparison for humans,False,Python
1477,5945,5945,capitalone/locopy,"['aws', 'copy', 'data', 'database', 'etl', 'pandas', 'pg8000', 'psycopg2', 'python', 'redshift', 's3', 'snowflake', 'sql', 'unload']",6.0,6.0,2022-06-03T17:39:14Z,2022-06-01T15:41:10Z,2018-07-24T04:36:55Z,37.0,86.0,locopy: Loading/Unloading to Redshift and Snowflake using Python.,False,Python
1478,5947,5947,repo-sync/repo-sync,"['github', 'github-actions', 'hacktoberfest']",4.0,4.0,2022-04-15T11:37:12Z,2022-05-21T13:39:12Z,2019-07-28T23:38:02Z,18.0,118.0,üîÑ Keep a pair of GitHub repos in sync,False,
1479,5948,5948,rstudio/connectapi,"['api-client', 'package', 'rstats', 'rstudio-connect']",26.0,26.0,2022-03-02T21:39:22Z,2022-06-02T20:27:39Z,2019-01-23T20:32:57Z,13.0,22.0,An R package for interacting with the RStudio Connect Server API,False,R
1480,5951,5951,codecentric/chaos-monkey-spring-boot,"['chaos', 'chaos-engineering', 'chaos-monkey', 'chaos-testing', 'chaostoolkit', 'engineering', 'java', 'resilience', 'resilience-testing', 'spring', 'spring-boot', 'spring-cloud', 'spring-cloud-netflix', 'test-framework', 'testing', 'testing-tools']",5.0,5.0,2022-05-09T19:55:32Z,2022-05-25T18:55:01Z,2017-04-06T07:56:01Z,157.0,775.0,Chaos Monkey for Spring Boot,False,Java
1481,5952,5952,MyIntervals/emogrifier,[],70.0,70.0,2022-05-24T23:01:28Z,2022-06-01T01:54:55Z,2013-12-02T18:58:48Z,157.0,838.0,Converts CSS styles into inline style attributes in your HTML code.,False,PHP
1482,5956,5956,actix/actix-web,"['actix', 'actix-web', 'async', 'rust', 'web', 'web-development', 'websockets']",136.0,136.0,2022-06-03T12:42:43Z,2022-06-04T01:08:53Z,2017-09-30T15:30:02Z,1382.0,14244.0,"Actix Web is a powerful, pragmatic, and extremely fast web framework for Rust.",False,Rust
1483,5960,5960,ournetworks/ournetworks.ca,[],5.0,5.0,2022-05-19T03:43:59Z,2021-11-30T13:12:30Z,2017-12-26T13:36:45Z,12.0,3.0,Website for State of Our Networks üì°,False,SCSS
1484,5964,5964,stoqs/stoqs,"['auv', 'geospatial-database', 'measurements', 'oceanography', 'robots', 'vagrant', 'virtual-machine', 'visualization', 'web-app']",30.0,30.0,2022-06-01T15:32:38Z,2022-02-23T02:05:29Z,2015-03-13T23:15:03Z,38.0,31.0,Geospatial database visualization software for oceanographic measurement data,False,Jupyter Notebook
1485,5968,5968,design-tokens/community-group,"['design-system', 'design-systems', 'design-tokens']",38.0,38.0,2022-05-20T14:01:58Z,2022-06-03T06:38:34Z,2019-06-21T20:19:51Z,37.0,838.0,This is the official DTCG repository for the design tokens specification.,False,HTML
1486,5969,5969,kumahq/kuma,"['apis', 'cloud-native', 'cncf', 'connectivity', 'control-plane', 'controlplane', 'envoy', 'envoyproxy', 'golang', 'kong', 'kubernetes', 'kuma', 'microservices', 'networking', 'service-mesh', 'servicemesh', 'sidecar-proxy']",284.0,284.0,2022-06-03T18:54:34Z,2022-06-04T09:52:16Z,2019-03-13T13:20:13Z,242.0,2768.0,"üêª The multi-zone service mesh for containers, Kubernetes and VMs. Built with Envoy. CNCF Sandbox Project.",False,Go
1487,5970,5970,slick/slick,[],408.0,408.0,2022-05-31T08:10:58Z,2022-06-03T19:27:24Z,2009-02-20T22:51:53Z,597.0,2524.0,Scala Language Integrated Connection Kit. Slick is a modern database query and access library for Scala,False,Scala
1488,5972,5972,mir-group/flare,[],24.0,24.0,2022-06-02T17:49:49Z,2022-06-02T02:32:27Z,2018-08-30T23:40:56Z,34.0,147.0,An open-source Python package for creating fast and accurate interatomic potentials.,False,Python
1489,5973,5973,opencobra/cobrapy,"['biochemistry', 'bioinformatics', 'cell-design', 'cobra', 'computational-biology', 'flux', 'metabolic-models', 'metabolic-network', 'metabolism', 'modeling', 'python', 'sbml', 'sbml-model', 'sbml-simulation', 'strain-engineering', 'systems-biology']",92.0,92.0,2022-05-30T15:06:10Z,2022-06-04T08:40:55Z,2012-11-02T17:47:53Z,189.0,341.0,COBRApy is a package for constraint-based modeling of metabolic networks.,False,Jupyter Notebook
1490,5977,5977,geekidea/spring-boot-plus,"['architecture', 'centos', 'generator', 'jwt', 'knife4j', 'mybatis', 'mybatis-plus', 'redis', 'shiro', 'spring-boot', 'spring-boot-plus', 'springboot', 'springbootadmin', 'springbootadmin-server', 'swagger', 'swagger-ui']",39.0,39.0,2021-10-28T09:32:40Z,2022-06-02T08:39:35Z,2019-06-20T08:06:08Z,682.0,2218.0,":fire: Spring-Boot-Plus is a easy-to-use, high-speed, high-efficient,feature-rich, open source spring boot scaffolding. :rocket:",False,Java
1491,5980,5980,botfront/botfront,"['botfront', 'chat-bot', 'chatbot-framework', 'chatbots', 'conversational-agents', 'conversational-ai', 'conversational-bots', 'conversational-interface', 'conversational-ui', 'dialogflow', 'rasa', 'rasa-core', 'rasa-ui', 'rasa-x']",41.0,41.0,2021-05-04T19:38:33Z,2022-05-29T13:49:50Z,2019-05-02T20:31:59Z,266.0,694.0,Enterprise-grade open source GUI platform for Rasa teams,False,JavaScript
1492,5987,5987,lagom/lagom,"['akka', 'distributed-systems', 'hacktoberfest', 'java', 'lagom', 'microservices', 'play', 'playframework', 'reactive', 'scala']",454.0,454.0,2022-05-02T14:51:53Z,2022-06-04T08:36:43Z,2016-02-23T01:51:06Z,629.0,2601.0,Reactive Microservices for the JVM,False,Scala
1493,5988,5988,zio/zio,"['asynchronicity', 'asynchronous', 'asynchronous-programming', 'concurrency', 'concurrent', 'concurrent-data-structure', 'concurrent-programming', 'effects', 'functional-programming', 'promises', 'queues', 'scala', 'stm', 'streams', 'zio']",360.0,360.0,2022-06-04T06:56:32Z,2022-06-04T03:05:29Z,2018-05-19T16:40:37Z,1026.0,3374.0,"ZIO ‚Äî A type-safe, composable library for async and concurrent programming in Scala",False,Scala
1494,5989,5989,felixmosh/bull-board,"['bull', 'redis']",23.0,23.0,2022-06-01T16:14:22Z,2022-06-02T08:46:05Z,2019-08-23T12:50:07Z,193.0,1154.0,üéØ Queue background jobs inspector ,False,TypeScript
1495,5993,5993,0xProject/OpenZKP,[],293.0,293.0,2022-02-14T01:36:31Z,2022-06-04T13:32:41Z,2019-03-27T17:11:52Z,67.0,450.0,OpenZKP - pure Rust implementations of Zero-Knowledge Proof systems.,False,Rust
1496,5995,5995,IvanSotelo/VueFeedbackReaction,"['emoji', 'feedback', 'reaction', 'vue']",6.0,6.0,2022-06-01T22:05:57Z,2022-05-31T21:18:26Z,2019-08-06T15:46:28Z,15.0,94.0,Helps you to collect feedback and leads using the most spoken language in the world: the emoji.,False,Vue
1497,6001,6001,moscajs/aedes-cached-persistence,[],1.0,1.0,2022-05-17T06:28:01Z,2022-05-09T08:54:26Z,2016-01-24T18:39:07Z,11.0,5.0,Abstract class to write an Aedes persistence with in-process caching of subscriptions ,False,JavaScript
1498,6002,6002,moscajs/aedes-persistence-redis,[],7.0,7.0,2022-05-20T14:44:05Z,2022-05-29T11:06:18Z,2015-12-06T01:21:37Z,19.0,14.0,"Aedes persistence, backed by redis",False,JavaScript
1499,6009,6009,openvalidation/openvalidation,"['cli', 'code-generation', 'csharp', 'dsl', 'java-8', 'javascript', 'language', 'lowcode', 'natural-language', 'nocode', 'open-source', 'validation-rules']",27.0,27.0,2022-03-30T20:09:20Z,2022-03-07T11:41:45Z,2019-05-17T14:23:38Z,13.0,62.0,"Compose validation rules in the language you use every day, openVALIDATION handles code creation for you.",False,Java
1500,6010,6010,moscajs/aedes,"['aedes', 'iot', 'mosquitto', 'mqtt', 'mqtt-broker', 'mqtt-server', 'nodejs', 'stream']",35.0,35.0,2022-06-03T21:15:40Z,2022-06-03T12:34:48Z,2015-03-06T12:33:52Z,207.0,1372.0,"Barebone MQTT broker that can run on any stream server, the node way",False,JavaScript
1501,6016,6016,ellykits/neat-form,"['calculations', 'form', 'gson', 'json', 'json-standard', 'kotlin', 'kotlin-android', 'rules-engine', 'view-generator']",13.0,13.0,2022-05-30T15:16:11Z,2022-06-04T09:49:00Z,2019-06-26T07:27:50Z,20.0,39.0,Build form on Android using JSON schema; also includes view validation and skip logic.,False,Kotlin
1502,6019,6019,onceupon/Bash-Oneliner,"['bash', 'data-processing', 'grep', 'hardware', 'linux', 'linux-administration', 'one-liners', 'oneliner-commands', 'shell', 'shell-oneliner', 'system', 'terminal', 'variables', 'xargs', 'xwindow']",13.0,13.0,2022-05-23T22:17:30Z,2022-06-04T08:31:19Z,2016-06-14T06:52:21Z,406.0,6097.0,A collection of handy Bash One-Liners and terminal tricks for data processing and Linux system maintenance.,False,
1503,6022,6022,cosmoscout/cosmoscout-vr,"['cosmoscout-vr', 'cpp', 'dlr', 'german-aerospace-center', 'opengl', 'scientific-visualization', 'solar-system', 'spice', 'virtual-reality', 'wms']",18.0,18.0,2022-06-03T14:31:20Z,2022-06-01T15:42:17Z,2019-03-04T15:55:41Z,19.0,286.0,":milky_way: A virtual universe which lets you explore, analyze and present huge planetary datasets and large simulation data in real-time.",False,C++
1504,6024,6024,speedment/speedment,"['code-generator', 'database', 'java', 'java-ee', 'javafx', 'orm', 'spring', 'spring-boot', 'stream']",83.0,83.0,2022-06-03T17:05:29Z,2022-06-01T04:47:48Z,2015-01-19T16:41:52Z,235.0,2006.0,Speedment is a Stream ORM Java Toolkit and Runtime,False,Java
1505,6039,6039,racket/racket-lang-org,['racket'],14.0,14.0,2022-05-01T18:38:00Z,2022-02-10T01:00:29Z,2014-11-29T01:46:35Z,49.0,56.0,,False,Racket
1506,6089,6089,NishkarshRaj/HelloWorld,"['c', 'contributions-welcome', 'cpp14', 'golang', 'hacktoberfest', 'haskell', 'html5', 'java', 'javascript', 'kotlin', 'linux', 'python', 'r', 'ruby-on-rails', 'rust', 'scala', 'shell', 'shell-script', 'swift4', 'typescript']",3.0,3.0,2022-05-06T02:12:25Z,2022-03-25T11:55:02Z,2019-09-02T01:37:02Z,48.0,21.0,"A repository made for fun, aiming Hello World code in all programming languages.",False,C#
1507,6095,6095,ros-planning/moveit,[],535.0,535.0,2022-06-03T08:26:22Z,2022-06-04T10:30:45Z,2016-07-27T20:38:09Z,791.0,1114.0,:robot: The MoveIt motion planning framework,False,C++
1508,6099,6099,glimpse-editor/Glimpse,[],116.0,116.0,2021-05-23T13:19:09Z,2022-05-13T22:08:57Z,2019-07-05T04:53:26Z,54.0,1176.0,Fork of the GNU Image Manipulation Program 2.10.18,False,C
1509,6103,6103,atlassian/dc-app-performance-toolkit,[],2.0,2.0,2022-06-01T15:02:05Z,2022-05-26T05:52:46Z,2019-09-05T01:27:36Z,322.0,54.0,Atlassian Data Center App Performance Toolkit,False,Python
1510,6109,6109,w3-engineers/telemesh,"['blockchain', 'infrastructure', 'mesh-networks', 'refugees', 'smartphone', 'unicef']",6.0,6.0,2022-05-16T18:39:11Z,2022-05-16T22:15:07Z,2018-12-26T12:42:46Z,16.0,31.0,TeleMesh is an on the grid/off the grid communication tool built on top of the Blockchain and Mobile Mesh Network (MMN) Technology. Vendors can broadcast or multicast information to distance mesh networks without any SIM or cellular network.,False,Java
1511,6113,6113,hack4impact/flask-base,"['authentication', 'boilerplate', 'database', 'flask', 'python3', 'redis', 'sqlalchemy', 'user-management']",1.0,1.0,2021-11-18T05:09:18Z,2022-05-30T03:11:39Z,2015-09-19T23:33:33Z,446.0,2757.0,"A simple Flask boilerplate app with SQLAlchemy, Redis, User Authentication, and more.",False,Python
1512,6114,6114,OpenDevUFCG/Tamburetei,"['cc', 'computacao', 'hacktoberfest', 'hacktoberfest2021', 'opensource', 'study', 'ufcg']",61.0,61.0,2022-06-01T23:36:26Z,2022-05-27T19:34:17Z,2018-10-31T01:44:18Z,127.0,189.0,Fazendo de tamburete as cadeiras de CC@UFCG.,False,Jupyter Notebook
1513,6115,6115,StoDevX/AAO-React-Native,"['android', 'hacktoberfest', 'ios', 'javascript', 'react-native', 'st-olaf']",107.0,107.0,2022-06-04T07:58:53Z,2022-04-15T00:41:59Z,2015-12-22T06:41:01Z,15.0,38.0,"The St. Olaf community, now in pocket size.",False,TypeScript
1514,6116,6116,PX4/PX4-Autopilot,"['autonomous', 'autopilot', 'avoidance', 'dds', 'drone', 'dronecode', 'drones', 'fast-rtps', 'fixed-wing', 'mavlink', 'mavros', 'multicopter', 'pixhawk', 'px4', 'qgroundcontrol', 'ros', 'ros2', 'uas', 'uav', 'ugv']",1267.0,1267.0,2022-06-04T12:38:57Z,2022-06-04T03:55:08Z,2012-08-04T21:19:36Z,11737.0,5492.0,PX4 Autopilot Software,False,C++
1515,6117,6117,publiclab/Leaflet.DistortableImage,[],89.0,89.0,2022-06-03T12:15:47Z,2022-05-31T09:58:38Z,2014-11-13T20:54:52Z,154.0,204.0,"A Leaflet extension to distort or ""rubber sheet"" images",False,JavaScript
1516,6120,6120,Migracode-Barcelona/old-syllabus-contents,[],17.0,17.0,2022-02-26T01:43:16Z,2022-03-27T15:05:57Z,2019-09-10T17:47:47Z,13.0,6.0,!!!Not used anymore!!! Migracode-Barcelona syllabus,False,Shell
1517,6122,6122,JefferyHus/es6-crawler-detect,"['bots', 'crawler', 'detection', 'es6-javascript', 'spider']",0.0,0.0,2022-03-28T01:03:27Z,2022-03-02T08:58:18Z,2017-10-31T15:24:18Z,26.0,78.0,":spider: This is an ES6 adaptation of the original PHP library CrawlerDetect, this library will help you detect bots/crawlers/spiders vie the useragent.",False,JavaScript
1518,6138,6138,FEniCS/ffcx,"['code-generation', 'fenics', 'finite-element-methods', 'partial-differential-equations', 'variational-method']",34.0,34.0,2022-06-02T11:32:53Z,2022-05-07T10:07:19Z,2018-04-05T14:06:14Z,25.0,76.0,Next generation FEniCS Form Compiler for finite element forms,False,Python
1519,6144,6144,move-coop/parsons,[],94.0,94.0,2022-06-02T21:38:34Z,2022-06-02T19:02:38Z,2019-08-25T19:56:21Z,88.0,167.0,A python library of connectors for the progressive community.,False,Python
1520,6172,6172,Ousret/charset_normalizer,"['chardet', 'charset-conversion', 'charset-detection', 'encoding', 'python', 'unicode']",4.0,4.0,2022-05-30T12:34:02Z,2022-05-31T17:56:12Z,2019-08-02T15:37:20Z,26.0,255.0,Truly universal encoding detector in pure Python,False,Python
1521,6177,6177,datalad-handbook/book,[],41.0,41.0,2022-06-03T05:51:08Z,2022-05-24T14:47:54Z,2019-06-18T13:37:42Z,40.0,97.0,Sources for the DataLad handbook,False,Python
1522,6193,6193,btcven/turpial-firmware,"['locha-mesh', 'lochamesh', 'mesh', 'network', 'off-grid', 'turpial']",0.0,0.0,2021-07-27T19:07:42Z,2021-07-27T19:07:45Z,2019-09-11T11:58:38Z,13.0,17.0,The firmware for the newest Turpial board,False,C
1523,6194,6194,rednaga/axmlprinter,"['android', 'android-manifest-files', 'axml', 'axmlprinter', 'axmlprinter2', 'java', 'reverse-engineering']",3.0,3.0,2019-09-10T18:58:24Z,2022-05-25T12:28:55Z,2015-01-13T01:04:15Z,56.0,208.0,Library for parsing and printing compiled Android manifest files,False,Java
1524,6208,6208,strazzere/golang_loader_assist,"['golang', 'ida', 'python', 'reverse-engineering']",1.0,1.0,2020-06-22T21:45:15Z,2022-05-27T08:26:32Z,2016-09-23T23:07:47Z,114.0,565.0,Making GO reversing easier in IDA Pro,False,Python
1525,6216,6216,Skyscanner/backpack-react-native,[],27.0,27.0,2022-06-02T02:19:41Z,2022-04-08T14:03:35Z,2018-12-13T15:35:00Z,18.0,39.0,Backpack Design System,False,JavaScript
1526,6217,6217,Skyscanner/backpack-ios,"['backpack', 'component-library', 'ios']",4.0,4.0,2022-06-01T11:03:03Z,2022-05-16T12:12:10Z,2018-01-10T14:23:03Z,24.0,55.0,Backpack Design System,False,Objective-C
1527,6218,6218,Skyscanner/LambdaGuard,"['aws', 'aws-lambda', 'dynamodb', 'hacking', 'iam', 'kms', 'lambda', 'serverless-security', 'sns', 'sqs']",4.0,4.0,2021-08-25T10:03:17Z,2022-05-05T23:46:29Z,2019-04-29T16:00:17Z,56.0,352.0,AWS Serverless Security,False,Python
1528,6219,6219,Skyscanner/backpack-android,[],12.0,12.0,2022-06-03T18:16:03Z,2022-05-18T06:59:51Z,2018-01-17T09:24:02Z,23.0,67.0,Backpack Design System,False,Kotlin
1529,6220,6220,Skyscanner/backpack,"['backpack', 'component-library', 'design-system', 'nodejs', 'react', 'skyscanner']",17.0,17.0,2022-06-02T10:03:32Z,2022-05-31T11:47:21Z,2017-03-22T11:34:41Z,151.0,435.0,Backpack Design System,False,JavaScript
1530,6223,6223,mozilla-extensions/firefox-voice,[],246.0,246.0,2021-01-29T12:31:50Z,2022-06-03T15:47:50Z,2019-06-05T16:53:01Z,127.0,287.0,Firefox Voice is an experiment in a voice-controlled web user agent,False,JavaScript
1531,6227,6227,FEniCS/dolfinx,"['fenics', 'finite-element-methods', 'parallel-computing', 'partial-differential-equations']",109.0,109.0,2022-06-03T15:10:28Z,2022-05-31T16:59:22Z,2018-04-05T14:02:41Z,98.0,299.0,Next generation FEniCS problem solving environment,False,C++
1532,6231,6231,SquirrelJME/SquirrelJME,"['c', 'compiler', 'embedded', 'hacktoberfest', 'hacktoberfest2020', 'hacktoberfest2021', 'iot', 'j2me', 'j2me-platform', 'java', 'java-me', 'javame', 'jvm', 'libretro', 'native', 'ratufacoat', 'retroarch', 'squirreljme']",60.0,60.0,2022-06-04T15:06:49Z,2022-05-02T04:45:29Z,2016-08-10T18:54:43Z,14.0,131.0,SquirrelJME is a Java ME 8 Virtual Machine for embedded and Internet of Things devices. It has the ultimate goal of being 99.9% compatible with the Java ME standard.,False,Java
1533,6232,6232,googleapis/google-cloud-java,"['artisanal', 'cloud-bigquery', 'cloud-datastore', 'cloud-storage', 'google-cloud', 'java']",35.0,35.0,2022-06-04T01:44:11Z,2022-06-01T16:53:10Z,2014-11-04T17:57:16Z,1037.0,1634.0,Google Cloud Client Library for Java,False,Java
1534,6233,6233,googleapis/java-speech,[],3.0,3.0,2022-06-03T01:37:27Z,2022-06-02T03:20:39Z,2019-08-20T22:07:47Z,53.0,57.0,,False,Java
1535,6235,6235,googleapis/java-trace,[],5.0,5.0,2022-06-03T00:51:41Z,2022-01-27T03:55:53Z,2019-08-20T22:09:56Z,17.0,5.0,,False,Java
1536,6242,6242,chubaostream/joyqueue,[],31.0,31.0,2022-05-20T21:04:19Z,2022-05-23T02:09:41Z,2019-07-22T12:34:59Z,123.0,326.0,A cloud-native production-quality messaging platform with high performance,False,Java
1537,6243,6243,w3c/webauthn,['webauthn'],79.0,79.0,2022-06-02T16:58:34Z,2022-06-04T12:28:07Z,2016-02-08T14:51:38Z,152.0,796.0,Web Authentication: An API for accessing Public Key Credentials,False,HTML
1538,6247,6247,pythonnet/pythonnet,"['clr', 'csharp', 'dotnet', 'ffi', 'mono', 'python', 'pythonnet']",162.0,162.0,2022-05-31T21:15:32Z,2022-06-04T12:54:44Z,2013-11-27T13:42:20Z,576.0,3100.0,Python for .NET is a package that gives Python programmers nearly seamless integration with the .NET Common Language Runtime (CLR) and provides a powerful application scripting tool for .NET developers.,False,C#
1539,6248,6248,dailymotion/vast-client-js,"['hacktoberfest', 'hacktoberfest2021', 'javascript', 'vast']",16.0,16.0,2022-06-04T00:04:00Z,2022-05-27T08:32:22Z,2013-03-08T02:37:23Z,210.0,315.0,VAST (up to 4) parsing library for JavaScript,False,JavaScript
1540,6251,6251,Azure/azure-storage-azcopy,[],254.0,254.0,2022-06-03T13:34:28Z,2022-06-04T05:37:23Z,2017-12-19T18:33:42Z,145.0,429.0,The new Azure Storage data transfer utility - AzCopy v10,False,Go
1541,6252,6252,go-shiori/shiori,"['bookmark-manager', 'command-line', 'go', 'golang', 'web-interface']",43.0,43.0,2022-06-03T14:32:21Z,2022-06-04T14:04:18Z,2018-01-23T13:57:11Z,412.0,6058.0,Simple bookmark manager built with Go,False,JavaScript
1542,6254,6254,gabLaroche/death-to-ie11,"['es6', 'hacktoberfest', 'javascript']",9.0,9.0,2022-04-26T19:50:09Z,2022-03-25T06:37:53Z,2019-03-28T15:49:21Z,31.0,83.0,Countdown for IE11 end of support,False,JavaScript
1543,6255,6255,armand1m/react-with-firebase-auth,"['authentication', 'firebase', 'firebase-auth', 'higher-order-component', 'react']",31.0,31.0,2022-06-03T23:51:10Z,2022-05-11T05:47:07Z,2018-10-16T00:44:56Z,29.0,125.0,Higher-Order Component for integrating Firebase Authentication methods with a React Component through props,False,TypeScript
1544,6256,6256,matthewp/robot,[],21.0,21.0,2022-05-28T12:56:23Z,2022-05-22T23:31:40Z,2019-09-09T11:44:29Z,74.0,1620.0,"ü§ñ A functional, immutable Finite State Machine library",False,JavaScript
1545,6269,6269,zcash/lightwalletd,[],71.0,71.0,2022-05-30T04:29:40Z,2022-05-31T01:06:12Z,2018-11-29T19:09:50Z,70.0,60.0,Lightwalletd is a backend service that provides a bandwidth-efficient interface to the Zcash blockchain,False,Go
1546,6273,6273,dotnet/nuget-trends,"['dotnet', 'hacktoberfest', 'nuget', 'nuget-trends', 'trends']",23.0,23.0,2022-04-29T15:25:40Z,2022-05-13T03:22:46Z,2018-08-11T17:54:24Z,19.0,113.0,Check out NuGet packages adoption and what's trending on NuGet.,False,C#
1547,6286,6286,AugSync/Notas_recolectadas,"['note', 'platzi']",0.0,0.0,2021-04-20T15:17:46Z,2022-05-03T06:55:53Z,2019-09-19T13:38:40Z,42.0,52.0,Un repositorio para recolectar el aprendizaje y compartirlo. ,False,CSS
